<metadata xml:lang="en"><Esri><CreaDate>20190410</CreaDate><CreaTime>09554500</CreaTime><ArcGISFormat>1.0</ArcGISFormat><SyncOnce>FALSE</SyncOnce><RematchLocator>World<Category Locator="Review">Address</Category><Description Locator="Review">::</Description><OutColumns Locator="Review">Loc_name</OutColumns><OutColumns Locator="Review">Shape</OutColumns><OutColumns Locator="Review">Status</OutColumns><OutColumns Locator="Review">Score</OutColumns><OutColumns Locator="Review">Match_addr</OutColumns><OutColumns Locator="Review">Addr_type</OutColumns><OutColumns Locator="Review">Type</OutColumns><OutColumns Locator="Review">PlaceName</OutColumns><OutColumns Locator="Review">Place_addr</OutColumns><OutColumns Locator="Review">Phone</OutColumns><OutColumns Locator="Review">URL</OutColumns><OutColumns Locator="Review">Rank</OutColumns><OutColumns Locator="Review">AddBldg</OutColumns><OutColumns Locator="Review">AddNum</OutColumns><OutColumns Locator="Review">AddNumFrom</OutColumns><OutColumns Locator="Review">AddNumTo</OutColumns><OutColumns Locator="Review">Side</OutColumns><OutColumns Locator="Review">StPreDir</OutColumns><OutColumns Locator="Review">StPreType</OutColumns><OutColumns Locator="Review">StName</OutColumns><OutColumns Locator="Review">StType</OutColumns><OutColumns Locator="Review">StDir</OutColumns><OutColumns Locator="Review">StAddr</OutColumns><OutColumns Locator="Review">Nbrhd</OutColumns><OutColumns Locator="Review">City</OutColumns><OutColumns Locator="Review">Subregion</OutColumns><OutColumns Locator="Review">Region</OutColumns><OutColumns Locator="Review">Postal</OutColumns><OutColumns Locator="Review">PostalExt</OutColumns><OutColumns Locator="Review">Country</OutColumns><OutColumns Locator="Review">LangCode</OutColumns><OutColumns Locator="Review">Distance</OutColumns><OutColumns Locator="Review">X</OutColumns><OutColumns Locator="Review">Y</OutColumns><OutColumns Locator="Review">DisplayX</OutColumns><OutColumns Locator="Review">DisplayY</OutColumns><OutColumns Locator="Review">Xmin</OutColumns><OutColumns Locator="Review">Xmax</OutColumns><OutColumns Locator="Review">Ymin</OutColumns><OutColumns Locator="Review">Ymax</OutColumns><OutKeyColumns Locator="Review">::</OutKeyColumns><OutTable Locator="Review">::</OutTable><InColumns Locator="Review">ARC_SingleLine</InColumns><InKeyColumns Locator="Review">::</InKeyColumns><InTable Locator="Review">::</InTable><UseMultithreading Locator="Review">True</UseMultithreading><CLSID Locator="Review">{47A9F8CE-597B-11D5-9BE2-000000000000}</CLSID><ServerObjectURL Locator="Review">https://geocode.arcgis.com/arcgis/services/World/GeocodeServer</ServerObjectURL><ServerObjectName Locator="Review">World</ServerObjectName><ServerObjectType Locator="Review">GeocodeServer</ServerObjectType><ServerConnectionURL Locator="Review">https://geocode.arcgis.com/arcgis/services</ServerConnectionURL><ServerConnectionUser Locator="Review">::</ServerConnectionUser><ServerType Locator="Review">1</ServerType></RematchLocator><DataProperties><itemProps><itemLocation><linkage Sync="TRUE">file://\\ca.epa.local\SB\DIT\SHARED\GIS\HR2W\Exceedance_Compliance\Shapefiles\EC_Summary_Nov2020.shp</linkage><protocol Sync="TRUE">Local Area Network</protocol></itemLocation><itemName Sync="TRUE">EC_Summary_Nov2020</itemName><imsContentType Sync="TRUE">002</imsContentType><nativeExtBox><westBL Sync="TRUE">-124.259126</westBL><eastBL Sync="TRUE">-114.139676</eastBL><southBL Sync="TRUE">32.580741</southBL><northBL Sync="TRUE">41.994840</northBL><exTypeCode Sync="TRUE">1</exTypeCode></nativeExtBox><relatedItems><item><itemName Sync="TRUE">SC_Systems2Details</itemName><itemType Sync="TRUE">Relationship</itemType></item><item><itemName Sync="TRUE">SC_Systems2Details</itemName><itemType Sync="TRUE">Relationship</itemType></item></relatedItems><itemSize Sync="TRUE">0.000</itemSize></itemProps><lineage><Process Name="Delete Features" ToolSource="c:\program files (x86)\arcgis\desktop10.2\ArcToolbox\Toolboxes\Data Management Tools.tbx\DeleteFeatures" Date="20170511" Time="115713" export="">DeleteFeatures \\wb-sb-gispublic\d$\Data\Services\HR2W\HR2W.gdb\SC_Systems_Summary</Process><Process Name="Append" ToolSource="c:\program files (x86)\arcgis\desktop10.2\ArcToolbox\Toolboxes\Data Management Tools.tbx\Append" Date="20170511" Time="115722" export="">Append 'H:\GIS Projects\HR2W\Exceedance_Compliance.gdb\PWS_Summary' \\wb-sb-gispublic\d$\Data\Services\HR2W\HR2W.gdb\SC_Systems_Summary NO_TEST "WATER_SYSTEM_NUMBER "WATER_SYSTEM_NUMBER" true true false 255 Text 0 0 ,First,#,H:\GIS Projects\HR2W\Exceedance_Compliance.gdb\PWS_Summary,WATER_SYSTEM_NUMBER_1,-1,-1;WATER_SYSTEM_NAME "WATER_SYSTEM_NAME" true true false 255 Text 0 0 ,First,#,H:\GIS Projects\HR2W\Exceedance_Compliance.gdb\PWS_Summary,WATER_SYSTEM_NAME_1,-1,-1;REGULATING_AGENCY "REGULATING_AGENCY" true true false 255 Text 0 0 ,First,#,H:\GIS Projects\HR2W\Exceedance_Compliance.gdb\PWS_Summary,REGULATING_AGENCY,-1,-1;COUNTY "COUNTY" true true false 255 Text 0 0 ,First,#,H:\GIS Projects\HR2W\Exceedance_Compliance.gdb\PWS_Summary,COUNTY,-1,-1;POPULATION "POPULATION" true true false 255 Text 0 0 ,First,#,H:\GIS Projects\HR2W\Exceedance_Compliance.gdb\PWS_Summary,POPULATION,-1,-1;CLASSIFICATION "CLASSIFICATION" true true false 255 Text 0 0 ,First,#,H:\GIS Projects\HR2W\Exceedance_Compliance.gdb\PWS_Summary,CLASSIFICATION,-1,-1;CITY_1 "CITY" true true false 255 Text 0 0 ,First,#,H:\GIS Projects\HR2W\Exceedance_Compliance.gdb\PWS_Summary,CITY_1,-1,-1;ZIPCODE "ZIPCODE" true true false 255 Text 0 0 ,First,#,H:\GIS Projects\HR2W\Exceedance_Compliance.gdb\PWS_Summary,ZIPCODE_1,-1,-1;GIS_STATUS "GIS_STATUS" true true false 255 Text 0 0 ,First,#,H:\GIS Projects\HR2W\Exceedance_Compliance.gdb\PWS_Summary,GIS_STATUS,-1,-1;DEFAULT_MESSAGE "DEFAULT_MESSAGE" true true false 255 Text 0 0 ,First,#,H:\GIS Projects\HR2W\Exceedance_Compliance.gdb\PWS_Summary,DEFAULT_MESSAGE,-1,-1" #</Process><Process Name="Delete Features" ToolSource="c:\program files (x86)\arcgis\desktop10.2\ArcToolbox\Toolboxes\Data Management Tools.tbx\DeleteFeatures" Date="20170608" Time="173223" export="">DeleteFeatures \\wb-sb-gispublic\d$\Data\Services\HR2W\HR2W.gdb\SC_Systems_Summary</Process><Process Name="Append" ToolSource="c:\program files (x86)\arcgis\desktop10.2\ArcToolbox\Toolboxes\Data Management Tools.tbx\Append" Date="20170608" Time="173230" export="">Append 'H:\GIS Projects\HR2W\Exceedance_Compliance.gdb\PWS_Summary' \\wb-sb-gispublic\d$\Data\Services\HR2W\HR2W.gdb\SC_Systems_Summary NO_TEST "WATER_SYSTEM_NUMBER "WATER_SYSTEM_NUMBER" true true false 255 Text 0 0 ,First,#,H:\GIS Projects\HR2W\Exceedance_Compliance.gdb\PWS_Summary,WATER_SYSTEM_NUMBER_1,-1,-1;WATER_SYSTEM_NAME "WATER_SYSTEM_NAME" true true false 255 Text 0 0 ,First,#,H:\GIS Projects\HR2W\Exceedance_Compliance.gdb\PWS_Summary,WATER_SYSTEM_NAME_1,-1,-1;REGULATING_AGENCY "REGULATING_AGENCY" true true false 255 Text 0 0 ,First,#,H:\GIS Projects\HR2W\Exceedance_Compliance.gdb\PWS_Summary,REGULATING_AGENCY,-1,-1;COUNTY "COUNTY" true true false 255 Text 0 0 ,First,#,H:\GIS Projects\HR2W\Exceedance_Compliance.gdb\PWS_Summary,COUNTY,-1,-1;POPULATION "POPULATION" true true false 255 Text 0 0 ,First,#,H:\GIS Projects\HR2W\Exceedance_Compliance.gdb\PWS_Summary,POPULATION,-1,-1;CLASSIFICATION "CLASSIFICATION" true true false 255 Text 0 0 ,First,#,H:\GIS Projects\HR2W\Exceedance_Compliance.gdb\PWS_Summary,CLASSIFICATION,-1,-1;CITY_1 "CITY" true true false 255 Text 0 0 ,First,#,H:\GIS Projects\HR2W\Exceedance_Compliance.gdb\PWS_Summary,CITY_1,-1,-1;ZIPCODE "ZIPCODE" true true false 255 Text 0 0 ,First,#,H:\GIS Projects\HR2W\Exceedance_Compliance.gdb\PWS_Summary,ZIPCODE_1,-1,-1;GIS_STATUS "GIS_STATUS" true true false 255 Text 0 0 ,First,#,H:\GIS Projects\HR2W\Exceedance_Compliance.gdb\PWS_Summary,GIS_STATUS,-1,-1;DEFAULT_MESSAGE "DEFAULT_MESSAGE" true true false 255 Text 0 0 ,First,#,H:\GIS Projects\HR2W\Exceedance_Compliance.gdb\PWS_Summary,DEFAULT_MESSAGE,-1,-1" #</Process><Process Name="Delete Features" ToolSource="c:\program files (x86)\arcgis\desktop10.2\ArcToolbox\Toolboxes\Data Management Tools.tbx\DeleteFeatures" Date="20170705" Time="171421" export="">DeleteFeatures \\wb-sb-gispublic\d$\Data\Services\HR2W\HR2W.gdb\SC_Systems_Summary</Process><Process Name="Append" ToolSource="c:\program files (x86)\arcgis\desktop10.2\ArcToolbox\Toolboxes\Data Management Tools.tbx\Append" Date="20170705" Time="171430" export="">Append 'H:\GIS Projects\HR2W\Exceedance_Compliance.gdb\PWS_Summary' \\wb-sb-gispublic\d$\Data\Services\HR2W\HR2W.gdb\SC_Systems_Summary NO_TEST "WATER_SYSTEM_NUMBER "WATER_SYSTEM_NUMBER" true true false 255 Text 0 0 ,First,#,H:\GIS Projects\HR2W\Exceedance_Compliance.gdb\PWS_Summary,WATER_SYSTEM_NUMBER_1,-1,-1;WATER_SYSTEM_NAME "WATER_SYSTEM_NAME" true true false 255 Text 0 0 ,First,#,H:\GIS Projects\HR2W\Exceedance_Compliance.gdb\PWS_Summary,WATER_SYSTEM_NAME_1,-1,-1;REGULATING_AGENCY "REGULATING_AGENCY" true true false 255 Text 0 0 ,First,#,H:\GIS Projects\HR2W\Exceedance_Compliance.gdb\PWS_Summary,REGULATING_AGENCY,-1,-1;COUNTY "COUNTY" true true false 255 Text 0 0 ,First,#,H:\GIS Projects\HR2W\Exceedance_Compliance.gdb\PWS_Summary,COUNTY,-1,-1;POPULATION "POPULATION" true true false 255 Text 0 0 ,First,#,H:\GIS Projects\HR2W\Exceedance_Compliance.gdb\PWS_Summary,POPULATION,-1,-1;CLASSIFICATION "CLASSIFICATION" true true false 255 Text 0 0 ,First,#,H:\GIS Projects\HR2W\Exceedance_Compliance.gdb\PWS_Summary,CLASSIFICATION,-1,-1;CITY_1 "CITY" true true false 255 Text 0 0 ,First,#,H:\GIS Projects\HR2W\Exceedance_Compliance.gdb\PWS_Summary,CITY_1,-1,-1;ZIPCODE "ZIPCODE" true true false 255 Text 0 0 ,First,#,H:\GIS Projects\HR2W\Exceedance_Compliance.gdb\PWS_Summary,ZIPCODE_1,-1,-1;GIS_STATUS "GIS_STATUS" true true false 255 Text 0 0 ,First,#,H:\GIS Projects\HR2W\Exceedance_Compliance.gdb\PWS_Summary,GIS_STATUS,-1,-1;DEFAULT_MESSAGE "DEFAULT_MESSAGE" true true false 255 Text 0 0 ,First,#,H:\GIS Projects\HR2W\Exceedance_Compliance.gdb\PWS_Summary,DEFAULT_MESSAGE,-1,-1" #</Process><Process Name="Delete Features" ToolSource="c:\program files (x86)\arcgis\desktop10.2\ArcToolbox\Toolboxes\Data Management Tools.tbx\DeleteFeatures" Date="20170815" Time="170452" export="">DeleteFeatures \\wb-sb-gispublic\d$\Data\Services\HR2W\HR2W.gdb\SC_Systems_Summary</Process><Process Name="Append" ToolSource="c:\program files (x86)\arcgis\desktop10.2\ArcToolbox\Toolboxes\Data Management Tools.tbx\Append" Date="20170815" Time="170500" export="">Append S:\DIT\SHARED\GIS\HR2W\Exceedance_Compliance\Exceedance_Compliance.gdb\PWS_Summary \\wb-sb-gispublic\d$\Data\Services\HR2W\HR2W.gdb\SC_Systems_Summary NO_TEST "WATER_SYSTEM_NUMBER "WATER_SYSTEM_NUMBER" true true false 255 Text 0 0 ,First,#,H:\GIS Projects\HR2W\Exceedance_Compliance.gdb\PWS_Summary,WATER_SYSTEM_NUMBER_1,-1,-1;WATER_SYSTEM_NAME "WATER_SYSTEM_NAME" true true false 255 Text 0 0 ,First,#,H:\GIS Projects\HR2W\Exceedance_Compliance.gdb\PWS_Summary,WATER_SYSTEM_NAME_1,-1,-1;REGULATING_AGENCY "REGULATING_AGENCY" true true false 255 Text 0 0 ,First,#,H:\GIS Projects\HR2W\Exceedance_Compliance.gdb\PWS_Summary,REGULATING_AGENCY,-1,-1;COUNTY "COUNTY" true true false 255 Text 0 0 ,First,#,H:\GIS Projects\HR2W\Exceedance_Compliance.gdb\PWS_Summary,COUNTY,-1,-1;POPULATION "POPULATION" true true false 255 Text 0 0 ,First,#,H:\GIS Projects\HR2W\Exceedance_Compliance.gdb\PWS_Summary,POPULATION,-1,-1;CLASSIFICATION "CLASSIFICATION" true true false 255 Text 0 0 ,First,#,H:\GIS Projects\HR2W\Exceedance_Compliance.gdb\PWS_Summary,CLASSIFICATION,-1,-1;CITY_1 "CITY" true true false 255 Text 0 0 ,First,#,H:\GIS Projects\HR2W\Exceedance_Compliance.gdb\PWS_Summary,CITY_1,-1,-1;ZIPCODE "ZIPCODE" true true false 255 Text 0 0 ,First,#,H:\GIS Projects\HR2W\Exceedance_Compliance.gdb\PWS_Summary,ZIPCODE_1,-1,-1;GIS_STATUS "GIS_STATUS" true true false 255 Text 0 0 ,First,#,H:\GIS Projects\HR2W\Exceedance_Compliance.gdb\PWS_Summary,GIS_STATUS,-1,-1;DEFAULT_MESSAGE "DEFAULT_MESSAGE" true true false 255 Text 0 0 ,First,#,H:\GIS Projects\HR2W\Exceedance_Compliance.gdb\PWS_Summary,DEFAULT_MESSAGE,-1,-1" #</Process><Process Name="Delete Features" ToolSource="c:\program files (x86)\arcgis\desktop10.2\ArcToolbox\Toolboxes\Data Management Tools.tbx\DeleteFeatures" Date="20170906" Time="173248" export="">DeleteFeatures \\wb-sb-gispublic\d$\Data\Services\HR2W\HR2W.gdb\SC_Systems_Summary</Process><Process Name="Append" ToolSource="c:\program files (x86)\arcgis\desktop10.2\ArcToolbox\Toolboxes\Data Management Tools.tbx\Append" Date="20170906" Time="173255" export="">Append S:\DIT\SHARED\GIS\HR2W\Exceedance_Compliance\Exceedance_Compliance.gdb\PWS_Summary \\wb-sb-gispublic\d$\Data\Services\HR2W\HR2W.gdb\SC_Systems_Summary NO_TEST "WATER_SYSTEM_NUMBER "WATER_SYSTEM_NUMBER" true true false 255 Text 0 0 ,First,#,H:\GIS Projects\HR2W\Exceedance_Compliance.gdb\PWS_Summary,WATER_SYSTEM_NUMBER_1,-1,-1;WATER_SYSTEM_NAME "WATER_SYSTEM_NAME" true true false 255 Text 0 0 ,First,#,H:\GIS Projects\HR2W\Exceedance_Compliance.gdb\PWS_Summary,WATER_SYSTEM_NAME_1,-1,-1;REGULATING_AGENCY "REGULATING_AGENCY" true true false 255 Text 0 0 ,First,#,H:\GIS Projects\HR2W\Exceedance_Compliance.gdb\PWS_Summary,REGULATING_AGENCY,-1,-1;COUNTY "COUNTY" true true false 255 Text 0 0 ,First,#,H:\GIS Projects\HR2W\Exceedance_Compliance.gdb\PWS_Summary,COUNTY,-1,-1;POPULATION "POPULATION" true true false 255 Text 0 0 ,First,#,H:\GIS Projects\HR2W\Exceedance_Compliance.gdb\PWS_Summary,POPULATION,-1,-1;CLASSIFICATION "CLASSIFICATION" true true false 255 Text 0 0 ,First,#,H:\GIS Projects\HR2W\Exceedance_Compliance.gdb\PWS_Summary,CLASSIFICATION,-1,-1;CITY_1 "CITY" true true false 255 Text 0 0 ,First,#,H:\GIS Projects\HR2W\Exceedance_Compliance.gdb\PWS_Summary,CITY_1,-1,-1;ZIPCODE "ZIPCODE" true true false 255 Text 0 0 ,First,#,H:\GIS Projects\HR2W\Exceedance_Compliance.gdb\PWS_Summary,ZIPCODE_1,-1,-1;GIS_STATUS "GIS_STATUS" true true false 255 Text 0 0 ,First,#,H:\GIS Projects\HR2W\Exceedance_Compliance.gdb\PWS_Summary,GIS_STATUS,-1,-1;DEFAULT_MESSAGE "DEFAULT_MESSAGE" true true false 255 Text 0 0 ,First,#,H:\GIS Projects\HR2W\Exceedance_Compliance.gdb\PWS_Summary,DEFAULT_MESSAGE,-1,-1" #</Process><Process Name="Delete Features" ToolSource="c:\program files (x86)\arcgis\desktop10.2\ArcToolbox\Toolboxes\Data Management Tools.tbx\DeleteFeatures" Date="20171013" Time="132614" export="">DeleteFeatures \\wb-sb-gispublic\d$\Data\Services\HR2W\HR2W.gdb\SC_Systems_Summary</Process><Process Name="Append" ToolSource="c:\program files (x86)\arcgis\desktop10.2\ArcToolbox\Toolboxes\Data Management Tools.tbx\Append" Date="20171013" Time="132623" export="">Append S:\DIT\SHARED\GIS\HR2W\Exceedance_Compliance\Exceedance_Compliance.gdb\PWS_Summary \\wb-sb-gispublic\d$\Data\Services\HR2W\HR2W.gdb\SC_Systems_Summary NO_TEST "WATER_SYSTEM_NUMBER "WATER_SYSTEM_NUMBER" true true false 255 Text 0 0 ,First,#,H:\GIS Projects\HR2W\Exceedance_Compliance.gdb\PWS_Summary,WATER_SYSTEM_NUMBER_1,-1,-1;WATER_SYSTEM_NAME "WATER_SYSTEM_NAME" true true false 255 Text 0 0 ,First,#,H:\GIS Projects\HR2W\Exceedance_Compliance.gdb\PWS_Summary,WATER_SYSTEM_NAME_1,-1,-1;REGULATING_AGENCY "REGULATING_AGENCY" true true false 255 Text 0 0 ,First,#,H:\GIS Projects\HR2W\Exceedance_Compliance.gdb\PWS_Summary,REGULATING_AGENCY,-1,-1;COUNTY "COUNTY" true true false 255 Text 0 0 ,First,#,H:\GIS Projects\HR2W\Exceedance_Compliance.gdb\PWS_Summary,COUNTY,-1,-1;POPULATION "POPULATION" true true false 255 Text 0 0 ,First,#,H:\GIS Projects\HR2W\Exceedance_Compliance.gdb\PWS_Summary,POPULATION,-1,-1;CLASSIFICATION "CLASSIFICATION" true true false 255 Text 0 0 ,First,#,H:\GIS Projects\HR2W\Exceedance_Compliance.gdb\PWS_Summary,CLASSIFICATION,-1,-1;CITY_1 "CITY" true true false 255 Text 0 0 ,First,#,H:\GIS Projects\HR2W\Exceedance_Compliance.gdb\PWS_Summary,CITY_1,-1,-1;ZIPCODE "ZIPCODE" true true false 255 Text 0 0 ,First,#,H:\GIS Projects\HR2W\Exceedance_Compliance.gdb\PWS_Summary,ZIPCODE_1,-1,-1;GIS_STATUS "GIS_STATUS" true true false 255 Text 0 0 ,First,#,H:\GIS Projects\HR2W\Exceedance_Compliance.gdb\PWS_Summary,GIS_STATUS,-1,-1;DEFAULT_MESSAGE "DEFAULT_MESSAGE" true true false 255 Text 0 0 ,First,#,H:\GIS Projects\HR2W\Exceedance_Compliance.gdb\PWS_Summary,DEFAULT_MESSAGE,-1,-1" #</Process><Process Name="Delete Features" ToolSource="c:\program files (x86)\arcgis\desktop10.2\ArcToolbox\Toolboxes\Data Management Tools.tbx\DeleteFeatures" Date="20171120" Time="164950" export="">DeleteFeatures \\wb-sb-gispublic\d$\Data\Services\HR2W\HR2W.gdb\SC_Systems_Summary</Process><Process Name="Append" ToolSource="c:\program files (x86)\arcgis\desktop10.2\ArcToolbox\Toolboxes\Data Management Tools.tbx\Append" Date="20171120" Time="164957" export="">Append S:\DIT\SHARED\GIS\HR2W\Exceedance_Compliance\Exceedance_Compliance.gdb\PWS_Summary \\wb-sb-gispublic\d$\Data\Services\HR2W\HR2W.gdb\SC_Systems_Summary NO_TEST "WATER_SYSTEM_NUMBER "WATER_SYSTEM_NUMBER" true true false 255 Text 0 0 ,First,#,H:\GIS Projects\HR2W\Exceedance_Compliance.gdb\PWS_Summary,WATER_SYSTEM_NUMBER_1,-1,-1;WATER_SYSTEM_NAME "WATER_SYSTEM_NAME" true true false 255 Text 0 0 ,First,#,H:\GIS Projects\HR2W\Exceedance_Compliance.gdb\PWS_Summary,WATER_SYSTEM_NAME_1,-1,-1;REGULATING_AGENCY "REGULATING_AGENCY" true true false 255 Text 0 0 ,First,#,H:\GIS Projects\HR2W\Exceedance_Compliance.gdb\PWS_Summary,REGULATING_AGENCY,-1,-1;COUNTY "COUNTY" true true false 255 Text 0 0 ,First,#,H:\GIS Projects\HR2W\Exceedance_Compliance.gdb\PWS_Summary,COUNTY,-1,-1;POPULATION "POPULATION" true true false 255 Text 0 0 ,First,#,H:\GIS Projects\HR2W\Exceedance_Compliance.gdb\PWS_Summary,POPULATION,-1,-1;CLASSIFICATION "CLASSIFICATION" true true false 255 Text 0 0 ,First,#,H:\GIS Projects\HR2W\Exceedance_Compliance.gdb\PWS_Summary,CLASSIFICATION,-1,-1;CITY_1 "CITY" true true false 255 Text 0 0 ,First,#,H:\GIS Projects\HR2W\Exceedance_Compliance.gdb\PWS_Summary,CITY_1,-1,-1;ZIPCODE "ZIPCODE" true true false 255 Text 0 0 ,First,#,H:\GIS Projects\HR2W\Exceedance_Compliance.gdb\PWS_Summary,ZIPCODE_1,-1,-1;GIS_STATUS "GIS_STATUS" true true false 255 Text 0 0 ,First,#,H:\GIS Projects\HR2W\Exceedance_Compliance.gdb\PWS_Summary,GIS_STATUS,-1,-1;DEFAULT_MESSAGE "DEFAULT_MESSAGE" true true false 255 Text 0 0 ,First,#,H:\GIS Projects\HR2W\Exceedance_Compliance.gdb\PWS_Summary,DEFAULT_MESSAGE,-1,-1" #</Process><Process Name="Delete Features" ToolSource="c:\program files (x86)\arcgis\desktop10.2\ArcToolbox\Toolboxes\Data Management Tools.tbx\DeleteFeatures" Date="20180116" Time="113140" export="">DeleteFeatures \\wb-sb-gispublic\d$\Data\Services\HR2W\HR2W.gdb\SC_Systems_Summary</Process><Process Name="Append" ToolSource="c:\program files (x86)\arcgis\desktop10.2\ArcToolbox\Toolboxes\Data Management Tools.tbx\Append" Date="20180116" Time="113151" export="">Append S:\DIT\SHARED\GIS\HR2W\Exceedance_Compliance\Exceedance_Compliance.gdb\PWS_Summary \\wb-sb-gispublic\d$\Data\Services\HR2W\HR2W.gdb\SC_Systems_Summary NO_TEST "WATER_SYSTEM_NUMBER "WATER_SYSTEM_NUMBER" true true false 255 Text 0 0 ,First,#,H:\GIS Projects\HR2W\Exceedance_Compliance.gdb\PWS_Summary,WATER_SYSTEM_NUMBER_1,-1,-1;WATER_SYSTEM_NAME "WATER_SYSTEM_NAME" true true false 255 Text 0 0 ,First,#,H:\GIS Projects\HR2W\Exceedance_Compliance.gdb\PWS_Summary,WATER_SYSTEM_NAME_1,-1,-1;REGULATING_AGENCY "REGULATING_AGENCY" true true false 255 Text 0 0 ,First,#,H:\GIS Projects\HR2W\Exceedance_Compliance.gdb\PWS_Summary,REGULATING_AGENCY,-1,-1;COUNTY "COUNTY" true true false 255 Text 0 0 ,First,#,H:\GIS Projects\HR2W\Exceedance_Compliance.gdb\PWS_Summary,COUNTY,-1,-1;POPULATION "POPULATION" true true false 255 Text 0 0 ,First,#,H:\GIS Projects\HR2W\Exceedance_Compliance.gdb\PWS_Summary,POPULATION,-1,-1;CLASSIFICATION "CLASSIFICATION" true true false 255 Text 0 0 ,First,#,H:\GIS Projects\HR2W\Exceedance_Compliance.gdb\PWS_Summary,CLASSIFICATION,-1,-1;CITY_1 "CITY" true true false 255 Text 0 0 ,First,#,H:\GIS Projects\HR2W\Exceedance_Compliance.gdb\PWS_Summary,CITY_1,-1,-1;ZIPCODE "ZIPCODE" true true false 255 Text 0 0 ,First,#,H:\GIS Projects\HR2W\Exceedance_Compliance.gdb\PWS_Summary,ZIPCODE_1,-1,-1;GIS_STATUS "GIS_STATUS" true true false 255 Text 0 0 ,First,#,H:\GIS Projects\HR2W\Exceedance_Compliance.gdb\PWS_Summary,GIS_STATUS,-1,-1;DEFAULT_MESSAGE "DEFAULT_MESSAGE" true true false 255 Text 0 0 ,First,#,H:\GIS Projects\HR2W\Exceedance_Compliance.gdb\PWS_Summary,DEFAULT_MESSAGE,-1,-1" #</Process><Process Name="Delete Features" ToolSource="c:\program files (x86)\arcgis\desktop10.2\ArcToolbox\Toolboxes\Data Management Tools.tbx\DeleteFeatures" Date="20180216" Time="135158" export="">DeleteFeatures \\wb-sb-gispublic\d$\Data\Services\HR2W\HR2W.gdb\SC_Systems_Summary</Process><Process Name="Append" ToolSource="c:\program files (x86)\arcgis\desktop10.2\ArcToolbox\Toolboxes\Data Management Tools.tbx\Append" Date="20180216" Time="135207" export="">Append S:\DIT\SHARED\GIS\HR2W\Exceedance_Compliance\Exceedance_Compliance.gdb\PWS_Summary \\wb-sb-gispublic\d$\Data\Services\HR2W\HR2W.gdb\SC_Systems_Summary NO_TEST "WATER_SYSTEM_NUMBER "WATER_SYSTEM_NUMBER" true true false 255 Text 0 0 ,First,#,H:\GIS Projects\HR2W\Exceedance_Compliance.gdb\PWS_Summary,WATER_SYSTEM_NUMBER_1,-1,-1;WATER_SYSTEM_NAME "WATER_SYSTEM_NAME" true true false 255 Text 0 0 ,First,#,H:\GIS Projects\HR2W\Exceedance_Compliance.gdb\PWS_Summary,WATER_SYSTEM_NAME_1,-1,-1;REGULATING_AGENCY "REGULATING_AGENCY" true true false 255 Text 0 0 ,First,#,H:\GIS Projects\HR2W\Exceedance_Compliance.gdb\PWS_Summary,REGULATING_AGENCY,-1,-1;COUNTY "COUNTY" true true false 255 Text 0 0 ,First,#,H:\GIS Projects\HR2W\Exceedance_Compliance.gdb\PWS_Summary,COUNTY,-1,-1;POPULATION "POPULATION" true true false 255 Text 0 0 ,First,#,H:\GIS Projects\HR2W\Exceedance_Compliance.gdb\PWS_Summary,POPULATION,-1,-1;CLASSIFICATION "CLASSIFICATION" true true false 255 Text 0 0 ,First,#,H:\GIS Projects\HR2W\Exceedance_Compliance.gdb\PWS_Summary,CLASSIFICATION,-1,-1;CITY_1 "CITY" true true false 255 Text 0 0 ,First,#,H:\GIS Projects\HR2W\Exceedance_Compliance.gdb\PWS_Summary,CITY_1,-1,-1;ZIPCODE "ZIPCODE" true true false 255 Text 0 0 ,First,#,H:\GIS Projects\HR2W\Exceedance_Compliance.gdb\PWS_Summary,ZIPCODE_1,-1,-1;GIS_STATUS "GIS_STATUS" true true false 255 Text 0 0 ,First,#,H:\GIS Projects\HR2W\Exceedance_Compliance.gdb\PWS_Summary,GIS_STATUS,-1,-1;DEFAULT_MESSAGE "DEFAULT_MESSAGE" true true false 255 Text 0 0 ,First,#,H:\GIS Projects\HR2W\Exceedance_Compliance.gdb\PWS_Summary,DEFAULT_MESSAGE,-1,-1" #</Process><Process Name="Delete Features" ToolSource="c:\program files (x86)\arcgis\desktop10.5\ArcToolbox\Toolboxes\Data Management Tools.tbx\DeleteFeatures" Date="20180314" Time="155301">DeleteFeatures \\wb-sb-gispublic\d$\Data\Services\HR2W\HR2W.gdb\SC_Systems_Summary</Process><Process Name="Append" ToolSource="c:\program files (x86)\arcgis\desktop10.5\ArcToolbox\Toolboxes\Data Management Tools.tbx\Append" Date="20180314" Time="155305">Append S:\DIT\SHARED\GIS\HR2W\Exceedance_Compliance\Exceedance_Compliance.gdb\PWS_Summary \\wb-sb-gispublic\d$\Data\Services\HR2W\HR2W.gdb\SC_Systems_Summary NO_TEST "WATER_SYSTEM_NUMBER "WATER_SYSTEM_NUMBER" true true false 255 Text 0 0 ,First,#,H:\GIS Projects\HR2W\Exceedance_Compliance.gdb\PWS_Summary,WATER_SYSTEM_NUMBER_1,-1,-1;WATER_SYSTEM_NAME "WATER_SYSTEM_NAME" true true false 255 Text 0 0 ,First,#,H:\GIS Projects\HR2W\Exceedance_Compliance.gdb\PWS_Summary,WATER_SYSTEM_NAME_1,-1,-1;REGULATING_AGENCY "REGULATING_AGENCY" true true false 255 Text 0 0 ,First,#,H:\GIS Projects\HR2W\Exceedance_Compliance.gdb\PWS_Summary,REGULATING_AGENCY,-1,-1;COUNTY "COUNTY" true true false 255 Text 0 0 ,First,#,H:\GIS Projects\HR2W\Exceedance_Compliance.gdb\PWS_Summary,COUNTY,-1,-1;POPULATION "POPULATION" true true false 255 Text 0 0 ,First,#,H:\GIS Projects\HR2W\Exceedance_Compliance.gdb\PWS_Summary,POPULATION,-1,-1;CLASSIFICATION "CLASSIFICATION" true true false 255 Text 0 0 ,First,#,H:\GIS Projects\HR2W\Exceedance_Compliance.gdb\PWS_Summary,CLASSIFICATION,-1,-1;CITY_1 "CITY" true true false 255 Text 0 0 ,First,#,H:\GIS Projects\HR2W\Exceedance_Compliance.gdb\PWS_Summary,CITY_1,-1,-1;ZIPCODE "ZIPCODE" true true false 255 Text 0 0 ,First,#,H:\GIS Projects\HR2W\Exceedance_Compliance.gdb\PWS_Summary,ZIPCODE_1,-1,-1;GIS_STATUS "GIS_STATUS" true true false 255 Text 0 0 ,First,#,H:\GIS Projects\HR2W\Exceedance_Compliance.gdb\PWS_Summary,GIS_STATUS,-1,-1;DEFAULT_MESSAGE "DEFAULT_MESSAGE" true true false 255 Text 0 0 ,First,#,H:\GIS Projects\HR2W\Exceedance_Compliance.gdb\PWS_Summary,DEFAULT_MESSAGE,-1,-1" #</Process><Process Name="Delete Features" ToolSource="c:\program files (x86)\arcgis\desktop10.5\ArcToolbox\Toolboxes\Data Management Tools.tbx\DeleteFeatures" Date="20180410" Time="170638">DeleteFeatures \\wb-sb-gispublic\d$\Data\Services\HR2W\HR2W.gdb\SC_Systems_Summary</Process><Process Name="Append" ToolSource="c:\program files (x86)\arcgis\desktop10.5\ArcToolbox\Toolboxes\Data Management Tools.tbx\Append" Date="20180410" Time="170643">Append S:\DIT\SHARED\GIS\HR2W\Exceedance_Compliance\Exceedance_Compliance.gdb\PWS_Summary \\wb-sb-gispublic\d$\Data\Services\HR2W\HR2W.gdb\SC_Systems_Summary NO_TEST "WATER_SYSTEM_NUMBER "WATER_SYSTEM_NUMBER" true true false 255 Text 0 0 ,First,#,H:\GIS Projects\HR2W\Exceedance_Compliance.gdb\PWS_Summary,WATER_SYSTEM_NUMBER_1,-1,-1;WATER_SYSTEM_NAME "WATER_SYSTEM_NAME" true true false 255 Text 0 0 ,First,#,H:\GIS Projects\HR2W\Exceedance_Compliance.gdb\PWS_Summary,WATER_SYSTEM_NAME_1,-1,-1;REGULATING_AGENCY "REGULATING_AGENCY" true true false 255 Text 0 0 ,First,#,H:\GIS Projects\HR2W\Exceedance_Compliance.gdb\PWS_Summary,REGULATING_AGENCY,-1,-1;COUNTY "COUNTY" true true false 255 Text 0 0 ,First,#,H:\GIS Projects\HR2W\Exceedance_Compliance.gdb\PWS_Summary,COUNTY,-1,-1;POPULATION "POPULATION" true true false 255 Text 0 0 ,First,#,H:\GIS Projects\HR2W\Exceedance_Compliance.gdb\PWS_Summary,POPULATION,-1,-1;CLASSIFICATION "CLASSIFICATION" true true false 255 Text 0 0 ,First,#,H:\GIS Projects\HR2W\Exceedance_Compliance.gdb\PWS_Summary,CLASSIFICATION,-1,-1;CITY_1 "CITY" true true false 255 Text 0 0 ,First,#,H:\GIS Projects\HR2W\Exceedance_Compliance.gdb\PWS_Summary,CITY_1,-1,-1;ZIPCODE "ZIPCODE" true true false 255 Text 0 0 ,First,#,H:\GIS Projects\HR2W\Exceedance_Compliance.gdb\PWS_Summary,ZIPCODE_1,-1,-1;GIS_STATUS "GIS_STATUS" true true false 255 Text 0 0 ,First,#,H:\GIS Projects\HR2W\Exceedance_Compliance.gdb\PWS_Summary,GIS_STATUS,-1,-1;DEFAULT_MESSAGE "DEFAULT_MESSAGE" true true false 255 Text 0 0 ,First,#,H:\GIS Projects\HR2W\Exceedance_Compliance.gdb\PWS_Summary,DEFAULT_MESSAGE,-1,-1" #</Process><Process Name="Delete Features" ToolSource="c:\program files (x86)\arcgis\desktop10.5\ArcToolbox\Toolboxes\Data Management Tools.tbx\DeleteFeatures" Date="20180510" Time="130929">DeleteFeatures \\wb-sb-gispublic\d$\Data\Services\HR2W\HR2W.gdb\SC_Systems_Summary</Process><Process Name="Append" ToolSource="c:\program files (x86)\arcgis\desktop10.5\ArcToolbox\Toolboxes\Data Management Tools.tbx\Append" Date="20180510" Time="130933">Append S:\DIT\SHARED\GIS\HR2W\Exceedance_Compliance\Exceedance_Compliance.gdb\PWS_Summary \\wb-sb-gispublic\d$\Data\Services\HR2W\HR2W.gdb\SC_Systems_Summary NO_TEST "WATER_SYSTEM_NUMBER "WATER_SYSTEM_NUMBER" true true false 255 Text 0 0 ,First,#,H:\GIS Projects\HR2W\Exceedance_Compliance.gdb\PWS_Summary,WATER_SYSTEM_NUMBER_1,-1,-1;WATER_SYSTEM_NAME "WATER_SYSTEM_NAME" true true false 255 Text 0 0 ,First,#,H:\GIS Projects\HR2W\Exceedance_Compliance.gdb\PWS_Summary,WATER_SYSTEM_NAME_1,-1,-1;REGULATING_AGENCY "REGULATING_AGENCY" true true false 255 Text 0 0 ,First,#,H:\GIS Projects\HR2W\Exceedance_Compliance.gdb\PWS_Summary,REGULATING_AGENCY,-1,-1;COUNTY "COUNTY" true true false 255 Text 0 0 ,First,#,H:\GIS Projects\HR2W\Exceedance_Compliance.gdb\PWS_Summary,COUNTY,-1,-1;POPULATION "POPULATION" true true false 255 Text 0 0 ,First,#,H:\GIS Projects\HR2W\Exceedance_Compliance.gdb\PWS_Summary,POPULATION,-1,-1;CLASSIFICATION "CLASSIFICATION" true true false 255 Text 0 0 ,First,#,H:\GIS Projects\HR2W\Exceedance_Compliance.gdb\PWS_Summary,CLASSIFICATION,-1,-1;CITY_1 "CITY" true true false 255 Text 0 0 ,First,#,H:\GIS Projects\HR2W\Exceedance_Compliance.gdb\PWS_Summary,CITY_1,-1,-1;ZIPCODE "ZIPCODE" true true false 255 Text 0 0 ,First,#,H:\GIS Projects\HR2W\Exceedance_Compliance.gdb\PWS_Summary,ZIPCODE_1,-1,-1;GIS_STATUS "GIS_STATUS" true true false 255 Text 0 0 ,First,#,H:\GIS Projects\HR2W\Exceedance_Compliance.gdb\PWS_Summary,GIS_STATUS,-1,-1;DEFAULT_MESSAGE "DEFAULT_MESSAGE" true true false 255 Text 0 0 ,First,#,H:\GIS Projects\HR2W\Exceedance_Compliance.gdb\PWS_Summary,DEFAULT_MESSAGE,-1,-1" #</Process><Process Name="Delete Features" ToolSource="c:\program files (x86)\arcgis\desktop10.5\ArcToolbox\Toolboxes\Data Management Tools.tbx\DeleteFeatures" Date="20180611" Time="145720">DeleteFeatures \\wb-sb-gispublic\d$\Data\Services\HR2W\HR2W.gdb\SC_Systems_Summary</Process><Process Name="Append" ToolSource="c:\program files (x86)\arcgis\desktop10.5\ArcToolbox\Toolboxes\Data Management Tools.tbx\Append" Date="20180611" Time="145724">Append S:\DIT\SHARED\GIS\HR2W\Exceedance_Compliance\Exceedance_Compliance.gdb\PWS_Summary \\wb-sb-gispublic\d$\Data\Services\HR2W\HR2W.gdb\SC_Systems_Summary NO_TEST "WATER_SYSTEM_NUMBER "WATER_SYSTEM_NUMBER" true true false 255 Text 0 0 ,First,#,H:\GIS Projects\HR2W\Exceedance_Compliance.gdb\PWS_Summary,WATER_SYSTEM_NUMBER_1,-1,-1;WATER_SYSTEM_NAME "WATER_SYSTEM_NAME" true true false 255 Text 0 0 ,First,#,H:\GIS Projects\HR2W\Exceedance_Compliance.gdb\PWS_Summary,WATER_SYSTEM_NAME_1,-1,-1;REGULATING_AGENCY "REGULATING_AGENCY" true true false 255 Text 0 0 ,First,#,H:\GIS Projects\HR2W\Exceedance_Compliance.gdb\PWS_Summary,REGULATING_AGENCY,-1,-1;COUNTY "COUNTY" true true false 255 Text 0 0 ,First,#,H:\GIS Projects\HR2W\Exceedance_Compliance.gdb\PWS_Summary,COUNTY,-1,-1;POPULATION "POPULATION" true true false 255 Text 0 0 ,First,#,H:\GIS Projects\HR2W\Exceedance_Compliance.gdb\PWS_Summary,POPULATION,-1,-1;CLASSIFICATION "CLASSIFICATION" true true false 255 Text 0 0 ,First,#,H:\GIS Projects\HR2W\Exceedance_Compliance.gdb\PWS_Summary,CLASSIFICATION,-1,-1;CITY_1 "CITY" true true false 255 Text 0 0 ,First,#,H:\GIS Projects\HR2W\Exceedance_Compliance.gdb\PWS_Summary,CITY_1,-1,-1;ZIPCODE "ZIPCODE" true true false 255 Text 0 0 ,First,#,H:\GIS Projects\HR2W\Exceedance_Compliance.gdb\PWS_Summary,ZIPCODE_1,-1,-1;GIS_STATUS "GIS_STATUS" true true false 255 Text 0 0 ,First,#,H:\GIS Projects\HR2W\Exceedance_Compliance.gdb\PWS_Summary,GIS_STATUS,-1,-1;DEFAULT_MESSAGE "DEFAULT_MESSAGE" true true false 255 Text 0 0 ,First,#,H:\GIS Projects\HR2W\Exceedance_Compliance.gdb\PWS_Summary,DEFAULT_MESSAGE,-1,-1" #</Process><Process Name="Delete Features" ToolSource="c:\program files (x86)\arcgis\desktop10.5\ArcToolbox\Toolboxes\Data Management Tools.tbx\DeleteFeatures" Date="20180611" Time="151934">DeleteFeatures \\wb-sb-gispublic\d$\Data\Services\HR2W\HR2W.gdb\SC_Systems_Summary</Process><Process Name="Append" ToolSource="c:\program files (x86)\arcgis\desktop10.5\ArcToolbox\Toolboxes\Data Management Tools.tbx\Append" Date="20180611" Time="151938">Append S:\DIT\SHARED\GIS\HR2W\Exceedance_Compliance\Exceedance_Compliance.gdb\PWS_Summary \\wb-sb-gispublic\d$\Data\Services\HR2W\HR2W.gdb\SC_Systems_Summary NO_TEST "WATER_SYSTEM_NUMBER "WATER_SYSTEM_NUMBER" true true false 255 Text 0 0 ,First,#,H:\GIS Projects\HR2W\Exceedance_Compliance.gdb\PWS_Summary,WATER_SYSTEM_NUMBER_1,-1,-1;WATER_SYSTEM_NAME "WATER_SYSTEM_NAME" true true false 255 Text 0 0 ,First,#,H:\GIS Projects\HR2W\Exceedance_Compliance.gdb\PWS_Summary,WATER_SYSTEM_NAME_1,-1,-1;REGULATING_AGENCY "REGULATING_AGENCY" true true false 255 Text 0 0 ,First,#,H:\GIS Projects\HR2W\Exceedance_Compliance.gdb\PWS_Summary,REGULATING_AGENCY,-1,-1;COUNTY "COUNTY" true true false 255 Text 0 0 ,First,#,H:\GIS Projects\HR2W\Exceedance_Compliance.gdb\PWS_Summary,COUNTY,-1,-1;POPULATION "POPULATION" true true false 255 Text 0 0 ,First,#,H:\GIS Projects\HR2W\Exceedance_Compliance.gdb\PWS_Summary,POPULATION,-1,-1;CLASSIFICATION "CLASSIFICATION" true true false 255 Text 0 0 ,First,#,H:\GIS Projects\HR2W\Exceedance_Compliance.gdb\PWS_Summary,CLASSIFICATION,-1,-1;CITY_1 "CITY" true true false 255 Text 0 0 ,First,#,H:\GIS Projects\HR2W\Exceedance_Compliance.gdb\PWS_Summary,CITY_1,-1,-1;ZIPCODE "ZIPCODE" true true false 255 Text 0 0 ,First,#,H:\GIS Projects\HR2W\Exceedance_Compliance.gdb\PWS_Summary,ZIPCODE_1,-1,-1;GIS_STATUS "GIS_STATUS" true true false 255 Text 0 0 ,First,#,H:\GIS Projects\HR2W\Exceedance_Compliance.gdb\PWS_Summary,GIS_STATUS,-1,-1;DEFAULT_MESSAGE "DEFAULT_MESSAGE" true true false 255 Text 0 0 ,First,#,H:\GIS Projects\HR2W\Exceedance_Compliance.gdb\PWS_Summary,DEFAULT_MESSAGE,-1,-1" #</Process><Process Name="Delete Features" ToolSource="c:\program files (x86)\arcgis\desktop10.5\ArcToolbox\Toolboxes\Data Management Tools.tbx\DeleteFeatures" Date="20180716" Time="175242">DeleteFeatures \\wb-sb-gispublic\d$\Data\Services\HR2W\HR2W.gdb\SC_Systems_Summary</Process><Process Name="Append" ToolSource="c:\program files (x86)\arcgis\desktop10.5\ArcToolbox\Toolboxes\Data Management Tools.tbx\Append" Date="20180716" Time="175246">Append S:\DIT\SHARED\GIS\HR2W\Exceedance_Compliance\Exceedance_Compliance.gdb\PWS_Summary \\wb-sb-gispublic\d$\Data\Services\HR2W\HR2W.gdb\SC_Systems_Summary NO_TEST "WATER_SYSTEM_NUMBER "WATER_SYSTEM_NUMBER" true true false 255 Text 0 0 ,First,#,H:\GIS Projects\HR2W\Exceedance_Compliance.gdb\PWS_Summary,WATER_SYSTEM_NUMBER_1,-1,-1;WATER_SYSTEM_NAME "WATER_SYSTEM_NAME" true true false 255 Text 0 0 ,First,#,H:\GIS Projects\HR2W\Exceedance_Compliance.gdb\PWS_Summary,WATER_SYSTEM_NAME_1,-1,-1;REGULATING_AGENCY "REGULATING_AGENCY" true true false 255 Text 0 0 ,First,#,H:\GIS Projects\HR2W\Exceedance_Compliance.gdb\PWS_Summary,REGULATING_AGENCY,-1,-1;COUNTY "COUNTY" true true false 255 Text 0 0 ,First,#,H:\GIS Projects\HR2W\Exceedance_Compliance.gdb\PWS_Summary,COUNTY,-1,-1;POPULATION "POPULATION" true true false 255 Text 0 0 ,First,#,H:\GIS Projects\HR2W\Exceedance_Compliance.gdb\PWS_Summary,POPULATION,-1,-1;CLASSIFICATION "CLASSIFICATION" true true false 255 Text 0 0 ,First,#,H:\GIS Projects\HR2W\Exceedance_Compliance.gdb\PWS_Summary,CLASSIFICATION,-1,-1;CITY_1 "CITY" true true false 255 Text 0 0 ,First,#,H:\GIS Projects\HR2W\Exceedance_Compliance.gdb\PWS_Summary,CITY_1,-1,-1;ZIPCODE "ZIPCODE" true true false 255 Text 0 0 ,First,#,H:\GIS Projects\HR2W\Exceedance_Compliance.gdb\PWS_Summary,ZIPCODE_1,-1,-1;GIS_STATUS "GIS_STATUS" true true false 255 Text 0 0 ,First,#,H:\GIS Projects\HR2W\Exceedance_Compliance.gdb\PWS_Summary,GIS_STATUS,-1,-1;DEFAULT_MESSAGE "DEFAULT_MESSAGE" true true false 255 Text 0 0 ,First,#,H:\GIS Projects\HR2W\Exceedance_Compliance.gdb\PWS_Summary,DEFAULT_MESSAGE,-1,-1" #</Process><Process ToolSource="c:\program files (x86)\arcgis\desktop10.5\ArcToolbox\Toolboxes\Data Management Tools.tbx\Append" Date="20180716" Time="180250">Append Geocoding_Result SC_Systems_Summary NO_TEST "WATER_SYSTEM_NUMBER "WATER_SYSTEM_NUMBER" true true false 255 Text 0 0 ,First,#,Geocoding_Result,USER_WATER_SYSTEM_NUMBER,-1,-1;WATER_SYSTEM_NAME "WATER_SYSTEM_NAME" true true false 255 Text 0 0 ,First,#,Geocoding_Result,USER_WATER_SYSTEM_NAME,-1,-1;REGULATING_AGENCY "REGULATING_AGENCY" true true false 255 Text 0 0 ,First,#,Geocoding_Result,USER_REGULATING_AGENCY,-1,-1;COUNTY "COUNTY" true true false 255 Text 0 0 ,First,#,Geocoding_Result,USER_COUNTY,-1,-1;POPULATION "POPULATION" true true false 255 Text 0 0 ,First,#,Geocoding_Result,USER_POPULATION,-1,-1;CLASSIFICATION "CLASSIFICATION" true true false 255 Text 0 0 ,First,#,Geocoding_Result,USER_CLASSIFICATION,-1,-1;CITY_1 "CITY" true true false 255 Text 0 0 ,First,#,Geocoding_Result,USER_CITY,-1,-1;ZIPCODE "ZIPCODE" true true false 255 Text 0 0 ,First,#,Geocoding_Result,USER_ZIPCODE,-1,-1;GIS_STATUS "GIS_STATUS" true true false 255 Text 0 0 ,First,#,Geocoding_Result,USER_GIS_STATUS,-1,-1;DEFAULT_MESSAGE "DEFAULT_MESSAGE" true true false 255 Text 0 0 ,First,#,Geocoding_Result,USER_DEFAULT_MESSAGE,-1,-1" #</Process><Process ToolSource="c:\program files (x86)\arcgis\desktop10.5\ArcToolbox\Toolboxes\Data Management Tools.tbx\AddField" Date="20180823" Time="104855">AddField SC_Systems_Summary Service_Connections DOUBLE # # # # NULLABLE NON_REQUIRED #</Process><Process ToolSource="c:\program files (x86)\arcgis\desktop10.5\ArcToolbox\Toolboxes\Data Management Tools.tbx\Append" Date="20180823" Time="105004">Append PWS_Summary SC_Systems_Summary NO_TEST "WATER_SYSTEM_NUMBER "WATER_SYSTEM_NUMBER" true true false 255 Text 0 0 ,First,#,PWS_Summary,PWS_Summary_tbl_WATER_SYSTEM_NUMBER,-1,-1;WATER_SYSTEM_NAME "WATER_SYSTEM_NAME" true true false 255 Text 0 0 ,First,#,PWS_Summary,PWS_Summary_tbl_WATER_SYSTEM_NAME,-1,-1;REGULATING_AGENCY "REGULATING_AGENCY" true true false 255 Text 0 0 ,First,#,PWS_Summary,PWS_Summary_tbl_REGULATING_AGENCY,-1,-1;COUNTY "COUNTY" true true false 255 Text 0 0 ,First,#,PWS_Summary,PWS_Summary_tbl_COUNTY,-1,-1;POPULATION "POPULATION" true true false 255 Text 0 0 ,First,#,PWS_Summary,PWS_Summary_tbl_POPULATION,-1,-1;CLASSIFICATION "CLASSIFICATION" true true false 255 Text 0 0 ,First,#,PWS_Summary,PWS_Summary_tbl_CLASSIFICATION,-1,-1;CITY_1 "CITY" true true false 255 Text 0 0 ,First,#,PWS_Summary,PWS_Summary_tbl_CITY,-1,-1;ZIPCODE "ZIPCODE" true true false 255 Text 0 0 ,First,#,PWS_Summary,PWS_Summary_tbl_ZIPCODE,-1,-1;GIS_STATUS "GIS_STATUS" true true false 255 Text 0 0 ,First,#,PWS_Summary,PWS_Summary_tbl_GIS_STATUS,-1,-1;DEFAULT_MESSAGE "DEFAULT_MESSAGE" true true false 255 Text 0 0 ,First,#,PWS_Summary,PWS_Summary_tbl_DEFAULT_MESSAGE,-1,-1;Service_Connections "Service_Connections" true true false 8 Double 0 0 ,First,#,PWS_Summary,PWS_Summary_tbl_SERVICE_CONNECTIONS,-1,-1" #</Process><Process ToolSource="c:\program files (x86)\arcgis\desktop10.5\ArcToolbox\Toolboxes\Data Management Tools.tbx\Append" Date="20180919" Time="164249">Append PWS_Summary SC_Systems_Summary NO_TEST "WATER_SYSTEM_NUMBER "WATER_SYSTEM_NUMBER" true true false 255 Text 0 0 ,First,#,PWS_Summary,PWS_Summary_tbl_WATER_SYSTEM_NUMBER,-1,-1;WATER_SYSTEM_NAME "WATER_SYSTEM_NAME" true true false 255 Text 0 0 ,First,#,PWS_Summary,PWS_Summary_tbl_WATER_SYSTEM_NAME,-1,-1;REGULATING_AGENCY "REGULATING_AGENCY" true true false 255 Text 0 0 ,First,#,PWS_Summary,PWS_Summary_tbl_REGULATING_AGENCY,-1,-1;COUNTY "COUNTY" true true false 255 Text 0 0 ,First,#,PWS_Summary,PWS_Summary_tbl_COUNTY,-1,-1;POPULATION "POPULATION" true true false 255 Text 0 0 ,First,#,PWS_Summary,PWS_Summary_tbl_POPULATION,-1,-1;CLASSIFICATION "CLASSIFICATION" true true false 255 Text 0 0 ,First,#,PWS_Summary,PWS_Summary_tbl_CLASSIFICATION,-1,-1;CITY_1 "CITY" true true false 255 Text 0 0 ,First,#,PWS_Summary,PWS_Summary_tbl_CITY,-1,-1;ZIPCODE "ZIPCODE" true true false 255 Text 0 0 ,First,#,PWS_Summary,PWS_Summary_tbl_ZIPCODE,-1,-1;GIS_STATUS "GIS_STATUS" true true false 255 Text 0 0 ,First,#,PWS_Summary,PWS_Summary_tbl_GIS_STATUS,-1,-1;DEFAULT_MESSAGE "DEFAULT_MESSAGE" true true false 255 Text 0 0 ,First,#,PWS_Summary,PWS_Summary_tbl_DEFAULT_MESSAGE,-1,-1;Service_Connections "Service_Connections" true true false 8 Double 0 0 ,First,#,PWS_Summary,PWS_Summary_tbl_SERVICE_CONNECTIONS,-1,-1" #</Process><Process ToolSource="c:\program files (x86)\arcgis\desktop10.5\ArcToolbox\Toolboxes\Data Management Tools.tbx\Append" Date="20181026" Time="114533">Append EC_Summary SC_Systems_Summary NO_TEST "WATER_SYSTEM_NUMBER "WATER_SYSTEM_NUMBER" true true false 255 Text 0 0 ,First,#,EC_Summary,WATER_SYSTEM_NUMBER,-1,-1;WATER_SYSTEM_NAME "WATER_SYSTEM_NAME" true true false 255 Text 0 0 ,First,#,EC_Summary,WATER_SYSTEM_NAME,-1,-1;REGULATING_AGENCY "REGULATING_AGENCY" true true false 255 Text 0 0 ,First,#,EC_Summary,REGULATING_AGENCY,-1,-1;COUNTY "COUNTY" true true false 255 Text 0 0 ,First,#,EC_Summary,COUNTY,-1,-1;POPULATION "POPULATION" true true false 255 Text 0 0 ,First,#,EC_Summary,POPULATION,-1,-1;CLASSIFICATION "CLASSIFICATION" true true false 255 Text 0 0 ,First,#,EC_Summary,CLASSIFICATION,-1,-1;CITY_1 "CITY" true true false 255 Text 0 0 ,First,#,EC_Summary,CITY,-1,-1;ZIPCODE "ZIPCODE" true true false 255 Text 0 0 ,First,#,EC_Summary,ZIPCODE,-1,-1;GIS_STATUS "GIS_STATUS" true true false 255 Text 0 0 ,First,#,EC_Summary,GIS_STATUS,-1,-1;DEFAULT_MESSAGE "DEFAULT_MESSAGE" true true false 255 Text 0 0 ,First,#,EC_Summary,DEFAULT_MESSAGE,-1,-1;Service_Connections "Service_Connections" true true false 8 Double 0 0 ,First,#,EC_Summary,SERVICE_CONNECTIONS,-1,-1" #</Process><Process ToolSource="c:\program files (x86)\arcgis\desktop10.5\ArcToolbox\Toolboxes\Data Management Tools.tbx\DeleteFeatures" Date="20181026" Time="115854">DeleteFeatures SC_Systems_Summary</Process><Process ToolSource="c:\program files (x86)\arcgis\desktop10.5\ArcToolbox\Toolboxes\Data Management Tools.tbx\Append" Date="20181026" Time="115937">Append EC_Summary SC_Systems_Summary NO_TEST "WATER_SYSTEM_NUMBER "WATER_SYSTEM_NUMBER" true true false 255 Text 0 0 ,First,#,EC_Summary,WATER_SYSTEM_NUMBER,-1,-1;WATER_SYSTEM_NAME "WATER_SYSTEM_NAME" true true false 255 Text 0 0 ,First,#,EC_Summary,WATER_SYSTEM_NAME,-1,-1;REGULATING_AGENCY "REGULATING_AGENCY" true true false 255 Text 0 0 ,First,#,EC_Summary,REGULATING_AGENCY,-1,-1;COUNTY "COUNTY" true true false 255 Text 0 0 ,First,#,EC_Summary,COUNTY,-1,-1;POPULATION "POPULATION" true true false 255 Text 0 0 ,First,#,EC_Summary,POPULATION,-1,-1;CLASSIFICATION "CLASSIFICATION" true true false 255 Text 0 0 ,First,#,EC_Summary,CLASSIFICATION,-1,-1;CITY_1 "CITY" true true false 255 Text 0 0 ,First,#,EC_Summary,CITY,-1,-1;ZIPCODE "ZIPCODE" true true false 255 Text 0 0 ,First,#,EC_Summary,ZIPCODE,-1,-1;GIS_STATUS "GIS_STATUS" true true false 255 Text 0 0 ,First,#,EC_Summary,GIS_STATUS,-1,-1;DEFAULT_MESSAGE "DEFAULT_MESSAGE" true true false 255 Text 0 0 ,First,#,EC_Summary,DEFAULT_MESSAGE,-1,-1;Service_Connections "Service_Connections" true true false 8 Double 0 0 ,First,#,EC_Summary,SERVICE_CONNECTIONS,-1,-1" #</Process><Process Name="Delete Features" ToolSource="c:\program files (x86)\arcgis\desktop10.5\ArcToolbox\Toolboxes\Data Management Tools.tbx\DeleteFeatures" Date="20181127" Time="112422">DeleteFeatures \\wb-sb-gispublic\d$\Data\Services\HR2W\HR2W.gdb\SC_Systems_Summary</Process><Process Name="Append" ToolSource="c:\program files (x86)\arcgis\desktop10.5\ArcToolbox\Toolboxes\Data Management Tools.tbx\Append" Date="20181127" Time="112426">Append S:\DIT\SHARED\GIS\HR2W\Exceedance_Compliance\Exceedance_Compliance.gdb\PWS_Summary \\wb-sb-gispublic\d$\Data\Services\HR2W\HR2W.gdb\SC_Systems_Summary NO_TEST "WATER_SYSTEM_NUMBER "WATER_SYSTEM_NUMBER" true true false 255 Text 0 0 ,First,#,H:\GIS Projects\HR2W\Exceedance_Compliance.gdb\PWS_Summary,WATER_SYSTEM_NUMBER_1,-1,-1;WATER_SYSTEM_NAME "WATER_SYSTEM_NAME" true true false 255 Text 0 0 ,First,#,H:\GIS Projects\HR2W\Exceedance_Compliance.gdb\PWS_Summary,WATER_SYSTEM_NAME_1,-1,-1;REGULATING_AGENCY "REGULATING_AGENCY" true true false 255 Text 0 0 ,First,#,H:\GIS Projects\HR2W\Exceedance_Compliance.gdb\PWS_Summary,REGULATING_AGENCY,-1,-1;COUNTY "COUNTY" true true false 255 Text 0 0 ,First,#,H:\GIS Projects\HR2W\Exceedance_Compliance.gdb\PWS_Summary,COUNTY,-1,-1;POPULATION "POPULATION" true true false 255 Text 0 0 ,First,#,H:\GIS Projects\HR2W\Exceedance_Compliance.gdb\PWS_Summary,POPULATION,-1,-1;CLASSIFICATION "CLASSIFICATION" true true false 255 Text 0 0 ,First,#,H:\GIS Projects\HR2W\Exceedance_Compliance.gdb\PWS_Summary,CLASSIFICATION,-1,-1;CITY_1 "CITY" true true false 255 Text 0 0 ,First,#,H:\GIS Projects\HR2W\Exceedance_Compliance.gdb\PWS_Summary,CITY_1,-1,-1;ZIPCODE "ZIPCODE" true true false 255 Text 0 0 ,First,#,H:\GIS Projects\HR2W\Exceedance_Compliance.gdb\PWS_Summary,ZIPCODE_1,-1,-1;GIS_STATUS "GIS_STATUS" true true false 255 Text 0 0 ,First,#,H:\GIS Projects\HR2W\Exceedance_Compliance.gdb\PWS_Summary,GIS_STATUS,-1,-1;DEFAULT_MESSAGE "DEFAULT_MESSAGE" true true false 255 Text 0 0 ,First,#,H:\GIS Projects\HR2W\Exceedance_Compliance.gdb\PWS_Summary,DEFAULT_MESSAGE,-1,-1" #</Process><Process Name="Delete Features" ToolSource="c:\program files (x86)\arcgis\desktop10.5\ArcToolbox\Toolboxes\Data Management Tools.tbx\DeleteFeatures" Date="20181127" Time="113320">DeleteFeatures \\wb-sb-gispublic\d$\Data\Services\HR2W\HR2W.gdb\SC_Systems_Summary</Process><Process Name="Append" ToolSource="c:\program files (x86)\arcgis\desktop10.5\ArcToolbox\Toolboxes\Data Management Tools.tbx\Append" Date="20181127" Time="113324">Append S:\DIT\SHARED\GIS\HR2W\Exceedance_Compliance\Exceedance_Compliance.gdb\PWS_Summary \\wb-sb-gispublic\d$\Data\Services\HR2W\HR2W.gdb\SC_Systems_Summary NO_TEST "WATER_SYSTEM_NUMBER "WATER_SYSTEM_NUMBER" true true false 255 Text 0 0 ,First,#,S:\DIT\SHARED\GIS\HR2W\Exceedance_Compliance\Exceedance_Compliance.gdb\PWS_Summary,WATER_SYSTEM_NUMBER_1,-1,-1;WATER_SYSTEM_NAME "WATER_SYSTEM_NAME" true true false 255 Text 0 0 ,First,#,S:\DIT\SHARED\GIS\HR2W\Exceedance_Compliance\Exceedance_Compliance.gdb\PWS_Summary,WATER_SYSTEM_NAME_1,-1,-1;REGULATING_AGENCY "REGULATING_AGENCY" true true false 255 Text 0 0 ,First,#,S:\DIT\SHARED\GIS\HR2W\Exceedance_Compliance\Exceedance_Compliance.gdb\PWS_Summary,REGULATING_AGENCY,-1,-1;COUNTY "COUNTY" true true false 255 Text 0 0 ,First,#,S:\DIT\SHARED\GIS\HR2W\Exceedance_Compliance\Exceedance_Compliance.gdb\PWS_Summary,COUNTY,-1,-1;POPULATION "POPULATION" true true false 255 Text 0 0 ,First,#,S:\DIT\SHARED\GIS\HR2W\Exceedance_Compliance\Exceedance_Compliance.gdb\PWS_Summary,POPULATION,-1,-1;CLASSIFICATION "CLASSIFICATION" true true false 255 Text 0 0 ,First,#,S:\DIT\SHARED\GIS\HR2W\Exceedance_Compliance\Exceedance_Compliance.gdb\PWS_Summary,CLASSIFICATION,-1,-1;CITY_1 "CITY" true true false 255 Text 0 0 ,First,#,S:\DIT\SHARED\GIS\HR2W\Exceedance_Compliance\Exceedance_Compliance.gdb\PWS_Summary,CITY_1,-1,-1;ZIPCODE "ZIPCODE" true true false 255 Text 0 0 ,First,#,S:\DIT\SHARED\GIS\HR2W\Exceedance_Compliance\Exceedance_Compliance.gdb\PWS_Summary,ZIPCODE_1,-1,-1;GIS_STATUS "GIS_STATUS" true true false 255 Text 0 0 ,First,#,S:\DIT\SHARED\GIS\HR2W\Exceedance_Compliance\Exceedance_Compliance.gdb\PWS_Summary,GIS_STATUS,-1,-1;DEFAULT_MESSAGE "DEFAULT_MESSAGE" true true false 255 Text 0 0 ,First,#,S:\DIT\SHARED\GIS\HR2W\Exceedance_Compliance\Exceedance_Compliance.gdb\PWS_Summary,DEFAULT_MESSAGE,-1,-1;Service_Connections "Service_Connections" true true false 8 Double 0 0 ,First,#,S:\DIT\SHARED\GIS\HR2W\Exceedance_Compliance\Exceedance_Compliance.gdb\PWS_Summary,SERVICE_CONNECTIONS,-1,-1" #</Process><Process Name="Delete Features" ToolSource="c:\program files (x86)\arcgis\desktop10.5\ArcToolbox\Toolboxes\Data Management Tools.tbx\DeleteFeatures" Date="20181220" Time="173207">DeleteFeatures \\wb-sb-gispublic\d$\Data\Services\HR2W\HR2W.gdb\SC_Systems_Summary</Process><Process Name="Append" ToolSource="c:\program files (x86)\arcgis\desktop10.5\ArcToolbox\Toolboxes\Data Management Tools.tbx\Append" Date="20181220" Time="173212">Append S:\DIT\SHARED\GIS\HR2W\Exceedance_Compliance\Exceedance_Compliance.gdb\PWS_Summary \\wb-sb-gispublic\d$\Data\Services\HR2W\HR2W.gdb\SC_Systems_Summary NO_TEST "WATER_SYSTEM_NUMBER "WATER_SYSTEM_NUMBER" true true false 255 Text 0 0 ,First,#,H:\GIS Projects\HR2W\Exceedance_Compliance.gdb\PWS_Summary,WATER_SYSTEM_NUMBER_1,-1,-1;WATER_SYSTEM_NAME "WATER_SYSTEM_NAME" true true false 255 Text 0 0 ,First,#,H:\GIS Projects\HR2W\Exceedance_Compliance.gdb\PWS_Summary,WATER_SYSTEM_NAME_1,-1,-1;REGULATING_AGENCY "REGULATING_AGENCY" true true false 255 Text 0 0 ,First,#,H:\GIS Projects\HR2W\Exceedance_Compliance.gdb\PWS_Summary,REGULATING_AGENCY,-1,-1;COUNTY "COUNTY" true true false 255 Text 0 0 ,First,#,H:\GIS Projects\HR2W\Exceedance_Compliance.gdb\PWS_Summary,COUNTY,-1,-1;POPULATION "POPULATION" true true false 255 Text 0 0 ,First,#,H:\GIS Projects\HR2W\Exceedance_Compliance.gdb\PWS_Summary,POPULATION,-1,-1;CLASSIFICATION "CLASSIFICATION" true true false 255 Text 0 0 ,First,#,H:\GIS Projects\HR2W\Exceedance_Compliance.gdb\PWS_Summary,CLASSIFICATION,-1,-1;CITY_1 "CITY" true true false 255 Text 0 0 ,First,#,H:\GIS Projects\HR2W\Exceedance_Compliance.gdb\PWS_Summary,CITY_1,-1,-1;ZIPCODE "ZIPCODE" true true false 255 Text 0 0 ,First,#,H:\GIS Projects\HR2W\Exceedance_Compliance.gdb\PWS_Summary,ZIPCODE_1,-1,-1;GIS_STATUS "GIS_STATUS" true true false 255 Text 0 0 ,First,#,H:\GIS Projects\HR2W\Exceedance_Compliance.gdb\PWS_Summary,GIS_STATUS,-1,-1;DEFAULT_MESSAGE "DEFAULT_MESSAGE" true true false 255 Text 0 0 ,First,#,H:\GIS Projects\HR2W\Exceedance_Compliance.gdb\PWS_Summary,DEFAULT_MESSAGE,-1,-1" #</Process><Process Name="Delete Features" ToolSource="c:\program files (x86)\arcgis\desktop10.5\ArcToolbox\Toolboxes\Data Management Tools.tbx\DeleteFeatures" Date="20190211" Time="101019">DeleteFeatures \\wb-sb-gispublic\d$\Data\Services\HR2W\HR2W.gdb\SC_Systems_Summary</Process><Process Name="Append" ToolSource="c:\program files (x86)\arcgis\desktop10.5\ArcToolbox\Toolboxes\Data Management Tools.tbx\Append" Date="20190211" Time="101023">Append S:\DIT\SHARED\GIS\HR2W\Exceedance_Compliance\Exceedance_Compliance.gdb\PWS_Summary \\wb-sb-gispublic\d$\Data\Services\HR2W\HR2W.gdb\SC_Systems_Summary NO_TEST "WATER_SYSTEM_NUMBER "WATER_SYSTEM_NUMBER" true true false 255 Text 0 0 ,First,#,S:\DIT\SHARED\GIS\HR2W\Exceedance_Compliance\Exceedance_Compliance.gdb\PWS_Summary,WATER_SYSTEM_NUMBER_1,-1,-1;WATER_SYSTEM_NAME "WATER_SYSTEM_NAME" true true false 255 Text 0 0 ,First,#,S:\DIT\SHARED\GIS\HR2W\Exceedance_Compliance\Exceedance_Compliance.gdb\PWS_Summary,WATER_SYSTEM_NAME_1,-1,-1;REGULATING_AGENCY "REGULATING_AGENCY" true true false 255 Text 0 0 ,First,#,S:\DIT\SHARED\GIS\HR2W\Exceedance_Compliance\Exceedance_Compliance.gdb\PWS_Summary,REGULATING_AGENCY,-1,-1;COUNTY "COUNTY" true true false 255 Text 0 0 ,First,#,S:\DIT\SHARED\GIS\HR2W\Exceedance_Compliance\Exceedance_Compliance.gdb\PWS_Summary,COUNTY,-1,-1;POPULATION "POPULATION" true true false 255 Text 0 0 ,First,#,S:\DIT\SHARED\GIS\HR2W\Exceedance_Compliance\Exceedance_Compliance.gdb\PWS_Summary,POPULATION,-1,-1;CLASSIFICATION "CLASSIFICATION" true true false 255 Text 0 0 ,First,#,S:\DIT\SHARED\GIS\HR2W\Exceedance_Compliance\Exceedance_Compliance.gdb\PWS_Summary,CLASSIFICATION,-1,-1;CITY_1 "CITY" true true false 255 Text 0 0 ,First,#,S:\DIT\SHARED\GIS\HR2W\Exceedance_Compliance\Exceedance_Compliance.gdb\PWS_Summary,CITY_1,-1,-1;ZIPCODE "ZIPCODE" true true false 255 Text 0 0 ,First,#,S:\DIT\SHARED\GIS\HR2W\Exceedance_Compliance\Exceedance_Compliance.gdb\PWS_Summary,ZIPCODE_1,-1,-1;GIS_STATUS "GIS_STATUS" true true false 255 Text 0 0 ,First,#,S:\DIT\SHARED\GIS\HR2W\Exceedance_Compliance\Exceedance_Compliance.gdb\PWS_Summary,GIS_STATUS,-1,-1;DEFAULT_MESSAGE "DEFAULT_MESSAGE" true true false 255 Text 0 0 ,First,#,S:\DIT\SHARED\GIS\HR2W\Exceedance_Compliance\Exceedance_Compliance.gdb\PWS_Summary,DEFAULT_MESSAGE,-1,-1;Service_Connections "Service_Connections" true true false 8 Double 0 0 ,First,#,S:\DIT\SHARED\GIS\HR2W\Exceedance_Compliance\Exceedance_Compliance.gdb\PWS_Summary,SERVICE_CONNECTIONS,-1,-1" #</Process><Process ToolSource="c:\program files\arcgis\pro\Resources\ArcToolbox\toolboxes\Data Management Tools.tbx\Append" Date="20190405" Time="171820">Append PWS_Summary SC_Systems_Summary "Use the Field Map to reconcile schema differences" "WATER_SYSTEM_NUMBER "WATER_SYSTEM_NUMBER" true true false 255 Text 0 0,First,#,PWS_Summary,WATER_SYSTEM_NUMBER_1,0,255;WATER_SYSTEM_NAME "WATER_SYSTEM_NAME" true true false 255 Text 0 0,First,#,PWS_Summary,WATER_SYSTEM_NAME_1,0,255;REGULATING_AGENCY "REGULATING_AGENCY" true true false 255 Text 0 0,First,#,PWS_Summary,REGULATING_AGENCY,0,255;COUNTY "COUNTY" true true false 255 Text 0 0,First,#,PWS_Summary,COUNTY,0,255;POPULATION "POPULATION" true true false 255 Text 0 0,First,#,PWS_Summary,POPULATION,0,255;CLASSIFICATION "CLASSIFICATION" true true false 255 Text 0 0,First,#,PWS_Summary,CLASSIFICATION,0,255;CITY_1 "CITY" true true false 255 Text 0 0,First,#,PWS_Summary,CITY_1,0,255;ZIPCODE "ZIPCODE" true true false 255 Text 0 0,First,#,PWS_Summary,ZIPCODE_1,0,255;GIS_STATUS "GIS_STATUS" true true false 255 Text 0 0,First,#,PWS_Summary,GIS_STATUS,0,255;DEFAULT_MESSAGE "DEFAULT_MESSAGE" true true false 255 Text 0 0,First,#,PWS_Summary,DEFAULT_MESSAGE,0,255;Service_Connections "Service_Connections" true true false 8 Double 0 0,First,#,PWS_Summary,SERVICE_CONNECTIONS,-1,-1" # #</Process><Process ToolSource="c:\program files (x86)\arcgis\desktop10.5\ArcToolbox\Toolboxes\Data Management Tools.tbx\Project" Date="20190410" Time="095553">Project SC_Systems_Summary \\wb-sb-gispublic\d$\Data\Services\HR2W\HR2W.gdb\SC_Systems_Summary_WM PROJCS['WGS_1984_Web_Mercator_Auxiliary_Sphere',GEOGCS['GCS_WGS_1984',DATUM['D_WGS_1984',SPHEROID['WGS_1984',6378137.0,298.257223563]],PRIMEM['Greenwich',0.0],UNIT['Degree',0.0174532925199433]],PROJECTION['Mercator_Auxiliary_Sphere'],PARAMETER['False_Easting',0.0],PARAMETER['False_Northing',0.0],PARAMETER['Central_Meridian',0.0],PARAMETER['Standard_Parallel_1',0.0],PARAMETER['Auxiliary_Sphere_Type',0.0],UNIT['Meter',1.0]] # GEOGCS['GCS_WGS_1984',DATUM['D_WGS_1984',SPHEROID['WGS_1984',6378137.0,298.257223563]],PRIMEM['Greenwich',0.0],UNIT['Degree',0.0174532925199433]] NO_PRESERVE_SHAPE # NO_VERTICAL</Process><Process ToolSource="c:\program files\arcgis\pro\Resources\ArcToolbox\toolboxes\Data Management Tools.tbx\Append" Date="20190607" Time="155625">Append PWS_Summary SC_Systems_Summary_WM "Use the Field Map to reconcile schema differences" "WATER_SYSTEM_NUMBER "WATER_SYSTEM_NUMBER" true true false 255 Text 0 0,First,#,PWS_Summary,USER_WATER_SYSTEM_NUMBER,0,255;WATER_SYSTEM_NAME "WATER_SYSTEM_NAME" true true false 255 Text 0 0,First,#,PWS_Summary,USER_WATER_SYSTEM_NAME,0,255;REGULATING_AGENCY "REGULATING_AGENCY" true true false 255 Text 0 0,First,#,PWS_Summary,USER_REGULATING_AGENCY,0,255;COUNTY "COUNTY" true true false 255 Text 0 0,First,#,PWS_Summary,USER_COUNTY,0,255;POPULATION "POPULATION" true true false 255 Text 0 0,First,#,PWS_Summary,USER_POPULATION,0,255;CLASSIFICATION "CLASSIFICATION" true true false 255 Text 0 0,First,#,PWS_Summary,USER_CLASSIFICATION,0,255;CITY_1 "CITY" true true false 255 Text 0 0,First,#,PWS_Summary,USER_CITY,0,255;ZIPCODE "ZIPCODE" true true false 255 Text 0 0,First,#,PWS_Summary,USER_ZIPCODE,0,255;GIS_STATUS "GIS_STATUS" true true false 255 Text 0 0,First,#,PWS_Summary,USER_ZIPCODE,0,255;Service_Connections "Service_Connections" true true false 8 Double 0 0,First,#,PWS_Summary,USER_SERVICE_CONNECTIONS,-1,-1" # #</Process><Process ToolSource="c:\program files (x86)\arcgis\desktop10.5\ArcToolbox\Toolboxes\Data Management Tools.tbx\Append" Date="20190612" Time="161534">Append SC_Systems_Summary SC_Systems_Summary_WM NO_TEST "WATER_SYSTEM_NUMBER "WATER_SYSTEM_NUMBER" true true false 255 Text 0 0 ,First,#,SC_Systems_Summary,WATER_SYSTEM_NUMBER,-1,-1;WATER_SYSTEM_NAME "WATER_SYSTEM_NAME" true true false 255 Text 0 0 ,First,#,SC_Systems_Summary,WATER_SYSTEM_NAME,-1,-1;REGULATING_AGENCY "REGULATING_AGENCY" true true false 255 Text 0 0 ,First,#,SC_Systems_Summary,REGULATING_AGENCY,-1,-1;COUNTY "COUNTY" true true false 255 Text 0 0 ,First,#,SC_Systems_Summary,COUNTY,-1,-1;POPULATION "POPULATION" true true false 255 Text 0 0 ,First,#,SC_Systems_Summary,POPULATION,-1,-1;CLASSIFICATION "CLASSIFICATION" true true false 255 Text 0 0 ,First,#,SC_Systems_Summary,CLASSIFICATION,-1,-1;CITY_1 "CITY" true true false 255 Text 0 0 ,First,#,SC_Systems_Summary,CITY_1,-1,-1;ZIPCODE "ZIPCODE" true true false 255 Text 0 0 ,First,#,SC_Systems_Summary,ZIPCODE,-1,-1;GIS_STATUS "GIS_STATUS" true true false 255 Text 0 0 ,First,#,SC_Systems_Summary,GIS_STATUS,-1,-1;DEFAULT_MESSAGE "DEFAULT_MESSAGE" true true false 255 Text 0 0 ,First,#,SC_Systems_Summary,DEFAULT_MESSAGE,-1,-1;Service_Connections "Service_Connections" true true false 8 Double 0 0 ,First,#,SC_Systems_Summary,Service_Connections,-1,-1;DETAILED_VIOLATION_INFORMATION "DETAILED_VIOLATION_INFORMATION" true true false 255 Text 0 0 ,First,#,SC_Systems_Summary,DETAILED_VIOLATION_INFORMATION,-1,-1" #</Process><Process ToolSource="c:\program files\arcgis\pro\Resources\ArcToolbox\toolboxes\Data Management Tools.tbx\Append" Date="20190905" Time="172255">Append PWS_Summary_WM SC_Systems_Summary_WM "Use the Field Map to reconcile schema differences" "WATER_SYSTEM_NUMBER "WATER_SYSTEM_NUMBER" true true false 255 Text 0 0,First,#,PWS_Summary_WM,WATER_SYSTEM_NUMBER,0,255;WATER_SYSTEM_NAME "WATER_SYSTEM_NAME" true true false 255 Text 0 0,First,#,PWS_Summary_WM,WATER_SYSTEM_NAME,0,255;REGULATING_AGENCY "REGULATING_AGENCY" true true false 255 Text 0 0,First,#,PWS_Summary_WM,REGULATING_AGENCY,0,255;COUNTY "COUNTY" true true false 255 Text 0 0,First,#,PWS_Summary_WM,COUNTY,0,255;POPULATION "POPULATION" true true false 255 Text 0 0,First,#,PWS_Summary_WM,POPULATION,0,255;CLASSIFICATION "CLASSIFICATION" true true false 255 Text 0 0,First,#,PWS_Summary_WM,CLASSIFICATION,0,255;CITY_1 "CITY" true true false 255 Text 0 0,First,#,PWS_Summary_WM,CITY,0,255;ZIPCODE "ZIPCODE" true true false 255 Text 0 0,First,#,PWS_Summary_WM,ZIPCODE,0,255;GIS_STATUS "GIS_STATUS" true true false 255 Text 0 0,First,#,PWS_Summary_WM,GIS_STATUS,0,255;DEFAULT_MESSAGE "DEFAULT_MESSAGE" true true false 255 Text 0 0,First,#,PWS_Summary_WM,DEFAULT_MESSAGE,0,255;Service_Connections "Service_Connections" true true false 8 Double 0 0,First,#,PWS_Summary_WM,SERVICE_CONNECTIONS,-1,-1;DETAILED_VIOLATION_INFORMATION "DETAILED_VIOLATION_INFORMATION" true true false 255 Text 0 0,First,#,PWS_Summary_WM,DETAILED_VIOLATION_INFORMATIO,0,255" # #</Process><Process ToolSource="c:\program files\arcgis\pro\Resources\ArcToolbox\toolboxes\Data Management Tools.tbx\DeleteFeatures" Date="20200506" Time="135105">DeleteFeatures SC_Systems_Summary_WM</Process><Process ToolSource="c:\program files\arcgis\pro\Resources\ArcToolbox\toolboxes\Data Management Tools.tbx\Append" Date="20200506" Time="135216">Append PWS_Summary_WM-new SC_Systems_Summary_WM "Use the Field Map to reconcile schema differences" "WATER_SYSTEM_NUMBER "WATER_SYSTEM_NUMBER" true true false 255 Text 0 0,First,#,PWS_Summary_WM-new,WATER_SYSTEM_NUMBER,0,255;WATER_SYSTEM_NAME "WATER_SYSTEM_NAME" true true false 255 Text 0 0,First,#,PWS_Summary_WM-new,WATER_SYSTEM_NAME,0,255;REGULATING_AGENCY "REGULATING_AGENCY" true true false 255 Text 0 0,First,#,PWS_Summary_WM-new,REGULATING_AGENCY,0,255;COUNTY "COUNTY" true true false 255 Text 0 0,First,#,PWS_Summary_WM-new,COUNTY,0,255;POPULATION "POPULATION" true true false 255 Text 0 0,First,#,PWS_Summary_WM-new,POPULATION,0,255;CLASSIFICATION "CLASSIFICATION" true true false 255 Text 0 0,First,#,PWS_Summary_WM-new,CLASSIFICATION,0,255;CITY_1 "CITY" true true false 255 Text 0 0,First,#,PWS_Summary_WM-new,CITY,0,255;ZIPCODE "ZIPCODE" true true false 255 Text 0 0,First,#,PWS_Summary_WM-new,ZIPCODE,0,255;GIS_STATUS "GIS_STATUS" true true false 255 Text 0 0,First,#,PWS_Summary_WM-new,GIS_STATUS,0,255;DEFAULT_MESSAGE "DEFAULT_MESSAGE" true true false 255 Text 0 0,First,#,PWS_Summary_WM-new,DEFAULT_MESSAGE,0,255;Service_Connections "Service_Connections" true true false 8 Double 0 0,First,#,PWS_Summary_WM-new,SERVICE_CONNECTIONS,-1,-1;DETAILED_VIOLATION_INFORMATION "DETAILED_VIOLATION_INFORMATION" true true false 255 Text 0 0,First,#,PWS_Summary_WM-new,DETAILED_VIOLATION_INFORMATIO,0,255" # #</Process><Process ToolSource="c:\program files\arcgis\pro\Resources\ArcToolbox\toolboxes\Data Management Tools.tbx\DeleteRows" Date="20200818" Time="140851">DeleteRows EC_Summary</Process><Process ToolSource="c:\program files\arcgis\pro\Resources\ArcToolbox\toolboxes\Data Management Tools.tbx\Append" Date="20200818" Time="141332">Append PWS_Summary_new EC_Summary "Use the Field Map to reconcile schema differences" "WATER_SYSTEM_NUMBER "WATER_SYSTEM_NUMBER" true true false 255 Text 0 0,First,#,PWS_Summary_new,WATER_SYSTEM_NUMBER,0,255;WATER_SYSTEM_NAME "WATER_SYSTEM_NAME" true true false 255 Text 0 0,First,#,PWS_Summary_new,WATER_SYSTEM_NAME,0,255;REGULATING_AGENCY "REGULATING_AGENCY" true true false 255 Text 0 0,First,#,PWS_Summary_new,REGULATING_AGENCY,0,255;COUNTY "COUNTY" true true false 255 Text 0 0,First,#,PWS_Summary_new,COUNTY,0,255;POPULATION "POPULATION" true true false 255 Text 0 0,First,#,PWS_Summary_new,POPULATION,0,255;CLASSIFICATION "CLASSIFICATION" true true false 255 Text 0 0,First,#,PWS_Summary_new,CLASSIFICATION,0,255;CITY_1 "CITY" true true false 255 Text 0 0,First,#,PWS_Summary_new,CITY,0,255;ZIPCODE "ZIPCODE" true true false 255 Text 0 0,First,#,PWS_Summary_new,ZIPCODE,0,255;GIS_STATUS "GIS_STATUS" true true false 255 Text 0 0,First,#,PWS_Summary_new,GIS_STATUS,0,255;DEFAULT_MESSAGE "DEFAULT_MESSAGE" true true false 255 Text 0 0,First,#,PWS_Summary_new,DEFAULT_MESSAGE,0,255;Service_Connections "Service_Connections" true true false 8 Double 0 0,First,#,PWS_Summary_new,SERVICE_CONNECTIONS,-1,-1;DETAILED_VIOLATION_INFORMATION "DETAILED_VIOLATION_INFORMATION" true true false 255 Text 0 0,First,#,PWS_Summary_new,DETAILED_VIOLATION_INFORMATIO,0,255" # #</Process><Process ToolSource="c:\program files\arcgis\pro\Resources\ArcToolbox\toolboxes\Data Management Tools.tbx\DeleteRows" Date="20201109" Time="161753">DeleteRows SC_Systems_Summary_WM</Process><Process ToolSource="c:\program files\arcgis\pro\Resources\ArcToolbox\toolboxes\Data Management Tools.tbx\Append" Date="20201109" Time="162014">Append EC_SummaryWM SC_Systems_Summary_WM "Use the Field Map to reconcile schema differences" "WATER_SYSTEM_NUMBER "WATER_SYSTEM_NUMBER" true true false 255 Text 0 0,First,#,\\ca.epa.local\SB\DIT\SHARED\GIS\HR2W\Exceedance_Compliance\EC_2020.gdb\EC_SummaryWM,WATER_SYSTEM_NUMBER,0,255;WATER_SYSTEM_NAME "WATER_SYSTEM_NAME" true true false 255 Text 0 0,First,#,\\ca.epa.local\SB\DIT\SHARED\GIS\HR2W\Exceedance_Compliance\EC_2020.gdb\EC_SummaryWM,WATER_SYSTEM_NAME,0,255;REGULATING_AGENCY "REGULATING_AGENCY" true true false 255 Text 0 0,First,#,\\ca.epa.local\SB\DIT\SHARED\GIS\HR2W\Exceedance_Compliance\EC_2020.gdb\EC_SummaryWM,REGULATING_AGENCY,0,255;COUNTY "COUNTY" true true false 255 Text 0 0,First,#,\\ca.epa.local\SB\DIT\SHARED\GIS\HR2W\Exceedance_Compliance\EC_2020.gdb\EC_SummaryWM,COUNTY,0,255;POPULATION "POPULATION" true true false 255 Text 0 0,First,#,\\ca.epa.local\SB\DIT\SHARED\GIS\HR2W\Exceedance_Compliance\EC_2020.gdb\EC_SummaryWM,POPULATION,0,255;CLASSIFICATION "CLASSIFICATION" true true false 255 Text 0 0,First,#,\\ca.epa.local\SB\DIT\SHARED\GIS\HR2W\Exceedance_Compliance\EC_2020.gdb\EC_SummaryWM,CLASSIFICATION,0,255;CITY_1 "CITY" true true false 255 Text 0 0,First,#,EC_SummaryWM,CITY,0,255;ZIPCODE "ZIPCODE" true true false 255 Text 0 0,First,#,\\ca.epa.local\SB\DIT\SHARED\GIS\HR2W\Exceedance_Compliance\EC_2020.gdb\EC_SummaryWM,ZIPCODE,0,255;GIS_STATUS "GIS_STATUS" true true false 255 Text 0 0,First,#,\\ca.epa.local\SB\DIT\SHARED\GIS\HR2W\Exceedance_Compliance\EC_2020.gdb\EC_SummaryWM,GIS_STATUS,0,255;DEFAULT_MESSAGE "DEFAULT_MESSAGE" true true false 255 Text 0 0,First,#,\\ca.epa.local\SB\DIT\SHARED\GIS\HR2W\Exceedance_Compliance\EC_2020.gdb\EC_SummaryWM,DEFAULT_MESSAGE,0,255;Service_Connections "Service_Connections" true true false 8 Double 0 0,First,#,\\ca.epa.local\SB\DIT\SHARED\GIS\HR2W\Exceedance_Compliance\EC_2020.gdb\EC_SummaryWM,SERVICE_CONNECTIONS,-1,-1;DETAILED_VIOLATION_INFORMATION "DETAILED_VIOLATION_INFORMATION" true true false 255 Text 0 0,First,#,\\ca.epa.local\SB\DIT\SHARED\GIS\HR2W\Exceedance_Compliance\EC_2020.gdb\EC_SummaryWM,DETAILED_VIOLATION_INFORMATION,0,255" # #</Process><Process ToolSource="c:\program files\arcgis\pro\Resources\ArcToolbox\toolboxes\Data Management Tools.tbx\CopyFeatures" Date="20201109" Time="162530">CopyFeatures EC_Summary_Nov2020 S:\DIT\SHARED\GIS\HR2W\Exceedance_Compliance\Shapefiles\EC_Summary_Nov2020.shp # # # #</Process></lineage><coordRef><type Sync="TRUE">Projected</type><geogcsn Sync="TRUE">GCS_WGS_1984</geogcsn><csUnits Sync="TRUE">Linear Unit: Meter (1.000000)</csUnits><peXml Sync="TRUE">&lt;ProjectedCoordinateSystem xsi:type='typens:ProjectedCoordinateSystem' xmlns:xsi='http://www.w3.org/2001/XMLSchema-instance' xmlns:xs='http://www.w3.org/2001/XMLSchema' xmlns:typens='http://www.esri.com/schemas/ArcGIS/2.5.0'&gt;&lt;WKT&gt;PROJCS[&amp;quot;WGS_1984_Web_Mercator_Auxiliary_Sphere&amp;quot;,GEOGCS[&amp;quot;GCS_WGS_1984&amp;quot;,DATUM[&amp;quot;D_WGS_1984&amp;quot;,SPHEROID[&amp;quot;WGS_1984&amp;quot;,6378137.0,298.257223563]],PRIMEM[&amp;quot;Greenwich&amp;quot;,0.0],UNIT[&amp;quot;Degree&amp;quot;,0.0174532925199433]],PROJECTION[&amp;quot;Mercator_Auxiliary_Sphere&amp;quot;],PARAMETER[&amp;quot;False_Easting&amp;quot;,0.0],PARAMETER[&amp;quot;False_Northing&amp;quot;,0.0],PARAMETER[&amp;quot;Central_Meridian&amp;quot;,0.0],PARAMETER[&amp;quot;Standard_Parallel_1&amp;quot;,0.0],PARAMETER[&amp;quot;Auxiliary_Sphere_Type&amp;quot;,0.0],UNIT[&amp;quot;Meter&amp;quot;,1.0],AUTHORITY[&amp;quot;EPSG&amp;quot;,3857]]&lt;/WKT&gt;&lt;XOrigin&gt;-20037700&lt;/XOrigin&gt;&lt;YOrigin&gt;-30241100&lt;/YOrigin&gt;&lt;XYScale&gt;148923141.92838538&lt;/XYScale&gt;&lt;ZOrigin&gt;-100000&lt;/ZOrigin&gt;&lt;ZScale&gt;10000&lt;/ZScale&gt;&lt;MOrigin&gt;-100000&lt;/MOrigin&gt;&lt;MScale&gt;10000&lt;/MScale&gt;&lt;XYTolerance&gt;0.001&lt;/XYTolerance&gt;&lt;ZTolerance&gt;0.001&lt;/ZTolerance&gt;&lt;MTolerance&gt;0.001&lt;/MTolerance&gt;&lt;HighPrecision&gt;true&lt;/HighPrecision&gt;&lt;WKID&gt;102100&lt;/WKID&gt;&lt;LatestWKID&gt;3857&lt;/LatestWKID&gt;&lt;/ProjectedCoordinateSystem&gt;</peXml><projcsn Sync="TRUE">WGS_1984_Web_Mercator_Auxiliary_Sphere</projcsn></coordRef></DataProperties><SyncDate>20201109</SyncDate><SyncTime>16250700</SyncTime><ModDate>20201109</ModDate><ModTime>16250700</ModTime><scaleRange><minScale>150000000</minScale><maxScale>5000</maxScale></scaleRange><ArcGISProfile>NAP</ArcGISProfile><ArcGISstyle>FGDC CSDGM Metadata</ArcGISstyle></Esri><dataIdInfo><envirDesc Sync="TRUE">Microsoft Windows 10 Version 10.0 (Build 18363) ; Esri ArcGIS 12.5.1.22081</envirDesc><dataLang><languageCode value="eng" Sync="TRUE"/><countryCode value="USA" Sync="TRUE"/></dataLang><idCitation><resTitle Sync="TRUE">EC_Summary_Nov2020</resTitle><presForm><PresFormCd value="005" Sync="TRUE"/></presForm></idCitation><spatRpType><SpatRepTypCd value="001" Sync="TRUE"/></spatRpType><dataExt><geoEle xmlns=""><GeoBndBox esriExtentType="search"><exTypeCode Sync="TRUE">1</exTypeCode><westBL Sync="TRUE">-124.259126</westBL><eastBL Sync="TRUE">-114.139676</eastBL><northBL Sync="TRUE">41.994840</northBL><southBL Sync="TRUE">32.580741</southBL></GeoBndBox></geoEle></dataExt><idPurp>This dataset summarizes the exceedance and compliance information for community and non-transient non-community (specifically schools and day cares) public drinking water systems that are regulated by the State Water Resources Control Board (State Water Board) or Local Primacy Agency (LPA). </idPurp><idAbs>&lt;DIV STYLE="text-align:Left;"&gt;&lt;DIV&gt;&lt;DIV&gt;&lt;P STYLE="margin:0 0 0 0;"&gt;&lt;SPAN&gt;&lt;SPAN&gt;This dataset summarizes the exceedance and compliance information for community and non-transient non-community (specifically schools and day cares) public drinking water systems that are regulated by the State Water Resources Control Board (State Water Board) or Local Primacy Agency (LPA). It is updated on a monthly basis. Please note that the State Water Board's regulatory authority does not include water systems that are defined as "state small water systems", "local state small water systems" or private domestic wells. For more information about the data see the Human Right to Water Portal at &lt;/SPAN&gt;&lt;/SPAN&gt;&lt;A href="https://www.waterboards.ca.gov/water_issues/programs/hr2w/"&gt;&lt;SPAN&gt;&lt;SPAN&gt;https://www.waterboards.ca.gov/water_issues/programs/hr2w/&lt;/SPAN&gt;&lt;/SPAN&gt;&lt;/A&gt;&lt;SPAN&gt;&lt;SPAN&gt;or the map service description at &lt;/SPAN&gt;&lt;/SPAN&gt;&lt;A href="http://gispublic.waterboards.ca.gov/arcgis/rest/services/HR2W/Exceedance_Compliance/MapServer"&gt;&lt;SPAN&gt;&lt;SPAN&gt;http://gispublic.waterboards.ca.gov/arcgis/rest/services/HR2W/Exceedance_Compliance/MapServer&lt;/SPAN&gt;&lt;/SPAN&gt;&lt;/A&gt;&lt;SPAN&gt;.&lt;/SPAN&gt;&lt;/P&gt;&lt;/DIV&gt;&lt;/DIV&gt;&lt;/DIV&gt;</idAbs><idCredit>California State Water Resources Control Board, Division of Drinking Water</idCredit><searchKeys><keyword>drinking water</keyword><keyword>SDWIS</keyword><keyword>human right to water</keyword></searchKeys><resConst><Consts><useLimit>&lt;DIV STYLE="text-align:Left;"&gt;&lt;DIV&gt;&lt;DIV&gt;&lt;P&gt;&lt;SPAN&gt;For reference only.&lt;/SPAN&gt;&lt;/P&gt;&lt;/DIV&gt;&lt;/DIV&gt;&lt;/DIV&gt;</useLimit></Consts></resConst></dataIdInfo><mdLang><languageCode value="eng" Sync="TRUE"/><countryCode value="USA" Sync="TRUE"/></mdLang><distInfo><distFormat><formatName Sync="TRUE">Shapefile</formatName></distFormat><distTranOps><transSize Sync="TRUE">0.000</transSize></distTranOps></distInfo><mdHrLv><ScopeCd value="005" Sync="TRUE"/></mdHrLv><mdHrLvName Sync="TRUE">dataset</mdHrLvName><refSysInfo><RefSystem><refSysID><identCode code="3857" Sync="TRUE"/><idCodeSpace Sync="TRUE">EPSG</idCodeSpace><idVersion Sync="TRUE">8.8(9.3.1.2)</idVersion></refSysID></RefSystem></refSysInfo><spatRepInfo><VectSpatRep><geometObjs Name="EC_Summary_Nov2020"><geoObjTyp><GeoObjTypCd value="004" Sync="TRUE"></GeoObjTypCd></geoObjTyp><geoObjCnt Sync="TRUE">0</geoObjCnt></geometObjs><topLvl><TopoLevCd value="001" Sync="TRUE"></TopoLevCd></topLvl></VectSpatRep></spatRepInfo><spdoinfo><ptvctinf><esriterm Name="EC_Summary_Nov2020"><efeatyp Sync="TRUE">Simple</efeatyp><efeageom code="1" Sync="TRUE"></efeageom><esritopo Sync="TRUE">FALSE</esritopo><efeacnt Sync="TRUE">0</efeacnt><spindex Sync="TRUE">FALSE</spindex><linrefer Sync="TRUE">FALSE</linrefer></esriterm></ptvctinf></spdoinfo><eainfo><detailed Name="EC_Summary_Nov2020" xmlns=""><enttyp><enttypl Sync="TRUE">EC_Summary_Nov2020</enttypl><enttypt Sync="TRUE">Feature Class</enttypt><enttypc Sync="TRUE">0</enttypc></enttyp><attr><attrlabl Sync="TRUE">FID</attrlabl><attalias Sync="TRUE">FID</attalias><attrtype Sync="TRUE">OID</attrtype><attwidth Sync="TRUE">4</attwidth><atprecis Sync="TRUE">0</atprecis><attscale Sync="TRUE">0</attscale><attrdef Sync="TRUE">Internal feature number.</attrdef><attrdefs Sync="TRUE">Esri</attrdefs><attrdomv><udom Sync="TRUE">Sequential unique whole numbers that are automatically generated.</udom></attrdomv></attr><attr xmlns=""><attrlabl Sync="TRUE">Shape</attrlabl><attalias Sync="TRUE">Shape</attalias><attrtype Sync="TRUE">Geometry</attrtype><attwidth Sync="TRUE">0</attwidth><atprecis Sync="TRUE">0</atprecis><attscale Sync="TRUE">0</attscale><attrdef Sync="TRUE">Feature geometry.</attrdef><attrdefs Sync="TRUE">Esri</attrdefs><attrdomv><udom Sync="TRUE">Coordinates defining the features.</udom></attrdomv></attr><attr><attrlabl Sync="TRUE">WATER_SYST</attrlabl><attalias Sync="TRUE">WATER_SYST</attalias><attrtype Sync="TRUE">String</attrtype><attwidth Sync="TRUE">254</attwidth><atprecis Sync="TRUE">0</atprecis><attscale Sync="TRUE">0</attscale></attr><attr><attrlabl Sync="TRUE">WATER_SY_1</attrlabl><attalias Sync="TRUE">WATER_SY_1</attalias><attrtype Sync="TRUE">String</attrtype><attwidth Sync="TRUE">254</attwidth><atprecis Sync="TRUE">0</atprecis><attscale Sync="TRUE">0</attscale></attr><attr><attrlabl Sync="TRUE">REGULATING</attrlabl><attalias Sync="TRUE">REGULATING</attalias><attrtype Sync="TRUE">String</attrtype><attwidth Sync="TRUE">254</attwidth><atprecis Sync="TRUE">0</atprecis><attscale Sync="TRUE">0</attscale></attr><attr xmlns=""><attrlabl Sync="TRUE">COUNTY</attrlabl><attalias Sync="TRUE">COUNTY</attalias><attrtype Sync="TRUE">String</attrtype><attwidth Sync="TRUE">254</attwidth><atprecis Sync="TRUE">0</atprecis><attscale Sync="TRUE">0</attscale><attrdef>The county where the public water system is located.</attrdef><attrdefs>SWRCB</attrdefs></attr><attr xmlns=""><attrlabl Sync="TRUE">POPULATION</attrlabl><attalias Sync="TRUE">POPULATION</attalias><attrtype Sync="TRUE">String</attrtype><attwidth Sync="TRUE">254</attwidth><atprecis Sync="TRUE">0</atprecis><attscale Sync="TRUE">0</attscale><attrdef>Population of the county where the public water system is located.</attrdef><attrdefs>SWRCB</attrdefs></attr><attr><attrlabl Sync="TRUE">CLASSIFICA</attrlabl><attalias Sync="TRUE">CLASSIFICA</attalias><attrtype Sync="TRUE">String</attrtype><attwidth Sync="TRUE">254</attwidth><atprecis Sync="TRUE">0</atprecis><attscale Sync="TRUE">0</attscale></attr><attr xmlns=""><attrlabl Sync="TRUE">CITY_1</attrlabl><attalias Sync="TRUE">CITY_1</attalias><attrtype Sync="TRUE">String</attrtype><attwidth Sync="TRUE">254</attwidth><atprecis Sync="TRUE">0</atprecis><attscale Sync="TRUE">0</attscale><attrdef>The city in which the public water system is located.</attrdef></attr><attr xmlns=""><attrlabl Sync="TRUE">ZIPCODE</attrlabl><attalias Sync="TRUE">ZIPCODE</attalias><attrtype Sync="TRUE">String</attrtype><attwidth Sync="TRUE">254</attwidth><atprecis Sync="TRUE">0</atprecis><attscale Sync="TRUE">0</attscale><attrdef>The zipcode for the public water system location.</attrdef></attr><attr xmlns=""><attrlabl Sync="TRUE">GIS_STATUS</attrlabl><attalias Sync="FALSE">Compliance Status</attalias><attrtype Sync="TRUE">String</attrtype><attwidth Sync="TRUE">254</attwidth><atprecis Sync="TRUE">0</atprecis><attscale Sync="TRUE">0</attscale><attrdef>Compliance Status describes the compliance status of each public water system with the primary drinking water standards. In compliance means that the system is achieving compliance with the federal/state primary drinking water standards. Out of compliance means that the system is currently in violation of one or more federal/federal primary drinking water standard.  Return to compliance means that the water system has had one or more violation(s) of a federal/state primary drinking water standard since January 1, 2012, but is now in compliance with all federal/state primary drinking water standards.</attrdef><attrdefs>California State Water Resources Control Board, Division of Drinking Water</attrdefs></attr><attr><attrlabl Sync="TRUE">DEFAULT_ME</attrlabl><attalias Sync="TRUE">DEFAULT_ME</attalias><attrtype Sync="TRUE">String</attrtype><attwidth Sync="TRUE">254</attwidth><atprecis Sync="TRUE">0</atprecis><attscale Sync="TRUE">0</attscale></attr><attr><attrlabl Sync="TRUE">Service_Co</attrlabl><attalias Sync="TRUE">Service_Co</attalias><attrtype Sync="TRUE">Double</attrtype><attwidth Sync="TRUE">19</attwidth><atprecis Sync="TRUE">0</atprecis><attscale Sync="TRUE">0</attscale></attr><attr><attrlabl Sync="TRUE">DETAILED_V</attrlabl><attalias Sync="TRUE">DETAILED_V</attalias><attrtype Sync="TRUE">String</attrtype><attwidth Sync="TRUE">254</attwidth><atprecis Sync="TRUE">0</atprecis><attscale Sync="TRUE">0</attscale></attr></detailed></eainfo><mdDateSt Sync="TRUE">20201109</mdDateSt></metadata>
